TOTBKCR,DFF,OEHRENWBSHNO,CORESTICKM159SFRBATL,PSAVERT,CCSA,STICKCPIM157SFRBATL,GDP,UNRATE,CPALTT01USM657N,UNEMPLOY,GDPC1,PRICE_SP500,CHANGE_SP500,WM1NS,CPIAUCSL,REAINTRATREARAT10Y,MEDCPIM158SFRBCLE,WM2NS,FPCPITOTLZGUSA,USREC
1396.8702,8.56,2474.362,4.695598354,11.1,3890000.0,0.5117,3473.413,10.4,0.204918032786886,11534.0,6896.561,145.3,0.0055000000000000005,467.5,97.9,5.5433895,5.01465339985201,1963.5,3.21243523316063,0.0
1400.5734,8.53,2474.362,4.62783567,11.1,3876000.0,0.35447,3473.413,10.4,0.102249488752557,11545.0,6896.561,148.1,-0.010700000000000001,472.5,98.0,5.86170487,4.95254511658214,1989.0,3.21243523316063,0.0
1420.6188,10.81,2474.362,4.855813143,10.6,3734000.0,0.23015,3473.413,10.3,0.0,11408.0,6896.561,153.0,-0.0026,476.3,98.1,5.57383847,3.61226055575943,2006.0,3.21243523316063,0.0
1430.1645,8.84,2494.423,4.456933531,10.3,3722000.0,0.52142,3578.848,10.2,0.715015321756898,11268.0,7053.5,164.4,0.0092,492.2,98.8,5.70012244,4.82805415199952,2022.9,3.21243523316063,0.0
1441.6828,8.94,2494.423,3.549623729,9.9,3457000.0,0.22823,3578.848,10.1,0.608519269776879,11154.0,7053.5,162.4,-0.0128,488.6,99.2,5.40239353,3.76732629829308,2031.0,3.21243523316063,0.0
1459.3899,10.06,2494.423,2.843739681,9.1,3369000.0,0.29006,3578.848,10.1,0.302419354838711,11246.0,7053.5,168.1,0.009000000000000001,494.0,99.4,5.80955824,2.44129775124315,2040.1,3.21243523316063,0.0
1470.1174,9.52,2507.058,2.630755198,9.6,3112000.0,0.32384,3689.179,9.4,0.402010050251258,10548.0,7194.504,162.6,-0.014499999999999999,502.1,99.8,5.8185791,3.69758219019019,2062.0,3.21243523316063,0.0
1485.0276,9.59,2507.058,2.553400975,9.2,3079000.0,0.3227,3689.179,9.5,0.300300300300302,10623.0,7194.504,164.4,0.0111,499.7,100.1,6.26942178,4.8969903682566205,2063.9,3.21243523316063,0.0
1493.6567,10.59,2507.058,2.944004571,9.6,2973000.0,0.34062,3689.179,9.2,0.499001996007973,10282.0,7194.504,166.1,-0.0066,501.1,100.4,6.35502485,4.8378278722189805,2070.7,3.21243523316063,0.0
1513.2891,9.43,2523.858,3.09331236,9.7,2860000.0,0.43818,3794.706,8.8,0.297914597815294,9887.0,7344.597,163.6,0.0012,509.8,100.8,6.03269333,4.70970672176305,2097.9,3.21243523316063,0.0
1525.5672,9.34,2523.858,3.751793567,10.3,2733000.0,0.43721,3794.706,8.5,0.198019801980199,9499.0,7344.597,166.4,-0.0089,517.6,101.1,6.14393792,4.88207173553306,2114.5,3.21243523316063,0.0
1533.5048,9.92,2523.858,4.465480085,10.1,2644000.0,0.29367,3794.706,8.3,0.0988142292490123,9331.0,7344.597,164.9,0.0,529.4,101.4,6.14842454,3.62676569355638,2128.3,3.21243523316063,0.0
1540.6374,9.35,2675.833,4.485762548,10.0,2556000.0,0.5582,3908.054,8.0,0.592300098716673,9008.0,7488.167,163.4,0.0031,508.8,102.1,6.21530449,4.8524904574294405,2122.5,4.30053547523427,0.0
1567.1403,9.45,2675.833,4.524563869,11.7,2469000.0,0.39848,3908.054,7.8,0.49067713444555,8791.0,7488.167,157.1,0.0019,510.3,102.6,6.1010181,4.6323774287993205,2143.7,4.30053547523427,0.0
1576.6937,10.24,2675.833,4.65415841,11.5,2412000.0,0.33009,3908.054,7.8,0.195312500000001,8746.0,7488.167,159.2,-0.0019,517.2,102.9,6.46257937,3.9232261628567,2164.5,4.30053547523427,0.0
1598.0424,10.9,2779.138,4.646319003,11.5,2435000.0,0.48947,4009.601,7.7,0.487329434697845,8762.0,7617.547,160.1,0.0013,525.8,103.3,6.62874874,4.47375381987558,2177.4,4.30053547523427,0.0
1613.9166,10.81,2779.138,4.708074066,11.1,2323000.0,0.30699,4009.601,7.4,0.290979631425814,8456.0,7617.547,150.6,0.002,521.0,103.5,6.85146491,3.3975048040301203,2185.2,4.30053547523427,0.0
1625.8716,10.85,2779.138,4.787485493,11.1,2329000.0,0.3598,4009.601,7.2,0.290135396518364,8226.0,7617.547,153.2,0.0026,531.3,103.7,7.34576833,4.54047640450119,2202.7,4.30053547523427,0.0
1638.459,11.83,2875.316,4.897092721,11.6,2329000.0,0.44509,4084.25,7.5,0.385728061716492,8537.0,7690.985,150.7,0.0033,530.5,104.1,7.44614428,4.70970672176305,2216.3,4.30053547523427,0.0
1645.8431,11.64,2875.316,5.032939607,11.8,2405000.0,0.4373,4084.25,7.5,0.384245917387129,8519.0,7690.985,166.7,0.0006,529.6,104.4,6.87114867,4.69130811372347,2220.0,4.30053547523427,0.0
1659.0939,11.23,2875.316,5.140612141,11.8,2474000.0,0.38239,4084.25,7.3,0.478468899521533,8367.0,7690.985,166.1,-0.0054,532.5,104.7,6.97565415,4.47687654026121,2232.2,4.30053547523427,0.0
1677.3993,9.99,2966.659,5.103857709,11.7,2574000.0,0.39135,4148.551,7.4,0.285714285714287,8381.0,7754.117,166.1,-0.0042,532.4,105.1,6.60885326,3.4965341186496497,2252.7,4.30053547523427,0.0
1679.5113,8.92,2966.659,4.968986894,10.9,2569000.0,0.32457,4148.551,7.2,0.0,8198.0,7754.117,163.6,-0.0018,545.6,105.3,6.06648144,2.60802524955723,2285.6,4.30053547523427,0.0
1700.3957,8.74,2966.659,5.052939222,11.2,2536000.0,0.39592,4148.551,7.3,0.0,8358.0,7754.117,167.2,0.0054,572.6,105.5,6.07562511,3.5203139041378497,2332.2,4.30053547523427,0.0
1708.0116,8.73,3044.106,4.726710471,10.3,2601000.0,0.239,4230.168,7.3,0.189933523266857,8423.0,7829.26,179.6,0.0011,542.6,105.7,6.16190057,3.07490272291309,2324.0,3.54564415209369,0.0
1728.8097,8.74,3044.106,4.871701461,9.1,2641000.0,0.53406,4230.168,7.2,0.473933649289102,8321.0,7829.26,181.2,0.0028000000000000004,546.2,106.3,6.01581783,5.60339750649217,2339.1,3.54564415209369,0.0
1737.7889,8.58,3044.106,4.962072036,8.7,2526000.0,0.40295,4230.168,7.2,0.377358490566039,8339.0,7829.26,180.7,0.0067,551.8,106.8,6.38383581,4.714338130800599,2353.8,3.54564415209369,0.0
1738.6909,8.58,3167.252,4.754134291,9.9,2562000.0,0.31872,4294.887,7.3,0.469924812030065,8395.0,7898.194,179.8,-0.0044,561.4,107.0,6.19138804,4.49361632464027,2359.3,3.54564415209369,0.0
1757.4661,7.64,3167.252,5.037120921,11.1,2545000.0,0.54152,4294.887,7.2,0.37418147801684,8302.0,7898.194,189.6,0.0096,562.4,107.2,5.93748656,3.30709306957033,2372.8,3.54564415209369,0.0
1775.0666,7.95,3167.252,5.05654234,9.6,2505000.0,0.39651,4294.887,7.4,0.279589934762362,8460.0,7898.194,191.8,0.0031,577.6,107.5,5.1560053,4.93736852619913,2407.5,3.54564415209369,0.0
1785.9164,8.61,3280.839,4.948295318,9.1,2522000.0,0.32311,4386.773,7.4,0.185873605947956,8513.0,8018.809,190.9,0.0053,580.1,107.7,5.33392835,2.4314834419624702,2422.9,3.54564415209369,0.0
1795.0555,7.8,3280.839,4.94547442,8.2,2595000.0,0.44031,4386.773,7.1,0.185528756957329,8196.0,8018.809,188.6,-0.0016,587.0,107.9,5.59011814,3.459635634645549,2434.6,3.54564415209369,0.0
1811.1106,8.84,3280.839,4.7871651,7.3,2623000.0,0.29624,4386.773,7.1,0.277777777777767,8248.0,8018.809,182.1,0.0044,596.4,108.1,5.4232741,3.4496080178934503,2448.6,3.54564415209369,0.0
1815.6004,8.08,3401.85,4.891950804,9.1,2657000.0,0.5079,4444.094,7.1,0.369344413665745,8298.0,8078.415,189.8,-0.0016,594.9,108.5,5.40769529,3.4628544852426404,2455.2,3.54564415209369,0.0
1842.2927,8.54,3401.85,5.149995169,9.0,2638000.0,0.54154,4444.094,7.0,0.275988960441584,8128.0,8078.415,202.2,-0.0015,609.3,109.0,5.2424908,5.39203871117875,2477.3,3.54564415209369,0.0
1858.8095,13.46,3401.85,5.030732007,8.6,2608000.0,0.26634,4444.094,7.0,0.275229357798166,8138.0,8078.415,211.3,0.0028000000000000004,635.4,109.5,5.08076952,3.08316960669681,2505.3,3.54564415209369,0.0
1882.2885,8.09,3482.723,5.296961132,8.6,2570000.0,0.48714,4507.894,6.7,0.274473924977128,7795.0,8153.829,211.8,0.011899999999999999,607.5,109.9,4.54718526,4.42330037720973,2492.2,1.89804772234275,0.0
1891.6786,7.95,3482.723,5.124947576,9.3,2626000.0,0.36387,4507.894,7.2,-0.273722627737227,8402.0,8153.829,226.9,0.0004,608.8,109.7,4.62388041,3.17019109552263,2498.4,1.89804772234275,0.0
1900.9986,8.06,3482.723,5.229854261,9.9,2614000.0,0.48828,4507.894,7.2,-0.457456541628535,8383.0,8153.829,238.9,-0.0004,624.3,109.1,4.20918205,4.38684814912311,2535.2,1.89804772234275,0.0
1918.2122,7.05,3575.588,5.370857251,9.7,2627000.0,0.44807,4545.34,7.1,-0.183823529411765,8364.0,8190.552,235.5,-0.0208,636.0,108.7,3.94830491,4.16962440517514,2550.4,1.89804772234275,0.0
1928.0135,6.84,3575.588,5.040741681,9.3,2708000.0,0.26249,4545.34,7.2,0.276243093922641,8439.0,8190.552,247.3,-0.0028000000000000004,637.1,109.0,4.04659032,2.24297330698615,2566.6,1.89804772234275,0.0
1940.956,7.72,3575.588,5.042080888,9.4,2606000.0,0.40062,4545.34,7.2,0.550964187327826,8508.0,8190.552,250.8,0.0048,657.2,109.4,4.58448381,3.39428781716422,2602.4,1.89804772234275,0.0
1962.9165,6.35,3651.837,4.975291061,9.3,2618000.0,0.27854,4607.669,7.0,0.0,8319.0,8268.935,236.1,-0.0021,660.4,109.5,3.99302785,4.01960626544133,2621.1,1.89804772234275,0.0
1986.6032,5.77,3651.837,4.838260997,9.0,2664000.0,0.30286,4607.669,6.9,0.182648401826473,8135.0,8268.935,252.9,0.0004,669.1,109.6,3.9205807,3.28286363623527,2636.5,1.89804772234275,0.0
1995.9935,6.9,3651.837,4.962973389,7.2,2698000.0,0.39091,4607.669,7.0,0.455788514129458,8310.0,8268.935,231.3,0.0060999999999999995,671.2,110.0,3.55172642,4.0014431118512,2651.1,1.89804772234275,0.0
2001.0853,5.93,3721.797,4.897657302,8.4,2707000.0,0.41434,4657.627,7.0,0.0907441016333822,8243.0,8313.338,244.0,0.0012,683.0,110.2,3.86705459,4.17062103943193,2674.7,1.89804772234275,0.0
2026.9725,6.03,3721.797,4.591247998,8.8,2686000.0,0.30016,4657.627,6.9,0.090661831369006,8159.0,8313.338,249.2,0.0016,699.5,110.4,3.74388639,4.60573723276012,2697.1,1.89804772234275,0.0
2080.29,14.35,3721.797,4.64519092,7.0,2565000.0,0.33091,4657.627,6.6,0.090579710144916,7883.0,8313.338,242.2,-0.0049,750.3,110.8,3.54373436,3.92745273377464,2751.5,1.89804772234275,0.0
2078.4469,6.28,3829.006,4.481798225,9.7,2515000.0,0.36624,4722.156,6.6,0.633484162895942,7892.0,8375.274,274.1,-0.0004,713.2,111.4,3.60456573,5.35829784555726,2728.4,3.66456321751691,0.0
2082.3895,6.02,3829.006,4.44093159,8.5,2460000.0,0.32033,4722.156,6.6,0.359712230215829,7865.0,8375.274,284.2,0.0042,712.0,111.8,3.57858135,3.337758063505,2730.2,3.66456321751691,0.0
2087.4531,6.23,3829.006,4.263792189,8.5,2410000.0,0.33113,4722.156,6.6,0.448028673835115,7862.0,8375.274,291.7,0.0086,717.4,112.2,3.55478545,3.7989855746732,2742.5,3.66456321751691,0.0
2116.3224,7.63,3901.898,4.358079784,4.5,2386000.0,0.50201,4806.16,6.3,0.535236396074935,7542.0,8465.63,288.4,0.0134,744.6,112.7,3.76019917,4.732865770015731,2764.0,3.66456321751691,0.0
2125.6491,6.63,3901.898,4.416917659,8.2,2370000.0,0.30051,4806.16,6.3,0.354924578527064,7574.0,8465.63,290.1,-0.0024,730.4,113.0,4.3597144,4.5063604166125,2751.9,3.66456321751691,0.0
2129.708,6.56,3901.898,4.175391862,7.7,2321000.0,0.1845,4806.16,6.2,0.353669319186562,7398.0,8465.63,304.0,-0.0127,729.2,113.5,4.33241266,2.8685574671557497,2755.4,3.66456321751691,0.0
2136.5696,6.75,3986.668,4.166490008,7.5,2247000.0,0.28823,4884.555,6.1,0.26431718061673,7268.0,8539.075,318.7,0.0019,731.9,113.8,4.27752862,4.18781448084542,2770.6,3.66456321751691,0.0
2148.6757,6.95,3986.668,4.280898407,7.2,2179000.0,0.40941,4884.555,6.0,0.527240773286458,7261.0,8539.075,329.8,0.0086,736.1,114.3,4.48023176,3.3130276025440604,2778.2,3.66456321751691,0.0
2179.2739,8.38,3986.668,4.291035748,7.6,2139000.0,0.40715,4884.555,5.9,0.524475524475527,7102.0,8539.075,321.8,0.0003,728.3,114.7,4.60420021,5.2275814008822,2774.1,3.66456321751691,0.0
2189.9554,6.62,4057.655,4.343067431,8.3,1942000.0,0.46466,5007.994,6.0,0.260869565217404,7227.0,8685.694,251.8,0.0286,748.4,115.0,4.95924181,3.78495509165797,2809.3,3.66456321751691,0.0
2185.6237,7.19,4057.655,4.314664296,8.5,2102000.0,0.26628,5007.994,5.8,0.0867302688638224,7035.0,8685.694,230.3,-0.0416,751.0,115.4,4.52543171,3.3252684401102104,2818.6,3.66456321751691,0.0
2203.1048,6.89,4057.655,4.302583149,8.7,2140000.0,0.31168,5007.994,5.7,0.0,6936.0,8685.694,247.1,-0.0032,765.0,115.6,4.57927551,2.84011303455471,2835.4,3.66456321751691,0.0
2217.2743,6.79,4155.024,4.383640423,8.1,2213000.0,0.40947,5073.372,5.7,0.259965337954952,6953.0,8730.569,257.1,0.015,747.8,116.0,4.60538556,3.3185913873762,2844.3,4.07774110744408,0.0
2224.0598,6.67,4155.024,4.386553409,8.6,2111000.0,0.34159,5073.372,5.7,0.259291270527215,6929.0,8730.569,267.8,0.0202,735.8,116.2,4.09836913,2.90883516980707,2854.8,4.07774110744408,0.0
2245.2737,6.83,4155.024,4.451939222,8.2,2077000.0,0.40317,5073.372,5.7,0.431034482758634,6876.0,8730.569,258.9,0.0031,743.5,116.5,4.04273806,4.41918005237509,2882.7,4.07774110744408,0.0
2263.501,6.98,4272.492,4.388452903,8.8,2077000.0,0.47399,5190.036,5.4,0.51502145922747,6601.0,8845.28,261.3,-0.005,773.6,117.2,4.41655648,4.73749799282637,2915.8,4.07774110744408,0.0
2284.9923,7.48,4272.492,4.445286952,8.4,2045000.0,0.34192,5190.036,5.6,0.341588385994878,6779.0,8845.28,262.2,0.0347,755.7,117.5,4.49627175,3.41359123842682,2906.4,4.07774110744408,0.0
2304.5248,8.27,4272.492,4.685384324,8.4,2030000.0,0.4003,5190.036,5.4,0.425531914893608,6546.0,8845.28,273.5,0.0092,764.1,118.0,4.65088068,4.67303747445387,2920.1,4.07774110744408,0.0
2316.4588,7.84,4337.755,4.712055892,8.6,2108000.0,0.32624,5282.835,5.4,0.423728813559324,6605.0,8897.107,272.0,0.0226,772.7,118.5,4.43535275,4.5707267155337306,2939.9,4.07774110744408,0.0
2326.6448,8.14,4337.755,4.685749317,8.4,2082000.0,0.39147,5282.835,5.6,0.421940928270033,6843.0,8897.107,261.5,-0.0038,767.4,119.0,4.54274482,5.27348496252884,2934.7,4.07774110744408,0.0
2333.9858,8.54,4337.755,4.73102913,8.9,2053000.0,0.44388,5282.835,5.4,0.672268907563028,6604.0,8897.107,271.9,-0.0026,762.7,119.5,4.70786025,5.00938206866559,2930.4,4.07774110744408,0.0
2342.7126,8.39,4394.335,4.616281806,8.6,2015000.0,0.37147,5399.509,5.4,0.333889816360602,6568.0,9015.661,279.0,0.0018,771.8,119.9,4.46199391,4.27269773492314,2952.9,4.07774110744408,0.0
2363.7602,8.5,4394.335,4.751873732,8.4,2023000.0,0.37828,5399.509,5.3,0.0831946755407767,6537.0,9015.661,273.7,0.0103,782.7,120.3,4.35872218,2.9566454722601603,2979.8,4.07774110744408,0.0
2368.5305,9.04,4394.335,4.798725378,8.3,2092000.0,0.35963,5399.509,5.3,0.166251039068995,6518.0,9015.661,277.7,-0.0060999999999999995,797.7,120.7,4.61793872,3.95007987430633,2991.7,4.07774110744408,0.0
2379.904,9.14,4477.54,4.756783262,8.5,2071000.0,0.39237,5511.253,5.4,0.497925311203322,6682.0,9107.314,297.5,0.0085,763.0,121.2,4.86319371,4.6814217758314,2966.0,4.82700303008949,0.0
2396.3256,9.87,4477.54,4.792426849,9.0,2167000.0,0.37543,5511.253,5.2,0.41288191577208,6359.0,9107.314,288.9,0.0038,761.5,121.6,4.73187982,5.20947642461538,2973.7,4.82700303008949,0.0
2412.6676,9.79,4477.54,4.760352769,9.5,2145000.0,0.36665,5511.253,5.0,0.575657894736855,6205.0,9107.314,294.9,0.008199999999999999,765.5,122.2,4.97372227,5.03461040058517,2991.4,4.82700303008949,0.0
2425.9954,9.82,4550.438,4.627130987,8.4,2064000.0,0.35684,5612.463,5.2,0.654129190515129,6468.0,9176.827,309.6,0.0,789.7,123.1,4.87105004,4.87906302071213,3017.1,4.82700303008949,0.0
2446.2819,10.48,4550.438,4.751380664,8.1,2056000.0,0.47397,5612.463,5.2,0.56864337936636,6375.0,9176.827,320.5,0.0044,754.6,123.7,4.62966249,5.38800927445156,2988.0,4.82700303008949,0.0
2455.9103,9.63,4550.438,4.753801306,8.2,2151000.0,0.38933,5612.463,5.3,0.242326332794821,6577.0,9176.827,318.0,-0.0053,757.8,124.1,4.41116564,3.85500115848694,3008.3,4.82700303008949,0.0
2482.6849,8.94,4682.026,4.905247602,8.2,2181000.0,0.45253,5695.365,5.2,0.241740531829182,6495.0,9244.816,346.1,0.011699999999999999,766.4,124.5,4.00267623,5.814260243977491,3044.8,4.82700303008949,0.0
2490.0644,8.92,4682.026,4.865522153,7.6,2184000.0,0.35467,5695.365,5.2,0.160771704180044,6511.0,9244.816,351.4,0.0023,763.3,124.5,3.73935273,2.8558736840949,3060.9,4.82700303008949,0.0
2500.4863,9.24,4682.026,4.684441734,8.1,2220000.0,0.30425,5695.365,5.3,0.321027287319424,6590.0,9244.816,349.1,0.0014000000000000002,761.1,124.8,4.27707143,3.47288290755019,3068.1,4.82700303008949,0.0
2524.7211,8.89,4734.202,4.81739966,8.5,2257000.0,0.48665,5747.237,5.3,0.480000000000002,6630.0,9263.033,340.4,0.0158,770.2,125.4,4.29718333,5.16912809772758,3098.8,4.82700303008949,0.0
2530.1402,8.6,4734.202,4.811218772,8.6,2300000.0,0.38236,5747.237,5.4,0.238853503184704,6725.0,9263.033,346.0,0.006999999999999999,786.7,125.9,4.03013495,4.1625237636602,3134.4,4.82700303008949,0.0
2535.4247,7.97,4734.202,4.842735403,7.8,2302000.0,0.38665,5747.237,5.4,0.158856235107229,6667.0,9263.033,353.4,0.0077,809.6,126.3,4.02966583,3.7701813758958,3161.4,4.82700303008949,0.0
2562.9783,8.26,4711.872,4.92058886,8.0,2316000.0,0.44748,5872.701,5.4,1.03092783505156,6752.0,9364.259,329.1,0.0189,773.1,127.5,4.1276234,5.216139934786219,3141.9,5.39795643990322,0.0
2576.6616,8.29,4711.872,4.935526464,8.6,2347000.0,0.39638,5872.701,5.3,0.470957613814759,6651.0,9364.259,331.9,0.0048,779.0,128.0,4.36692739,4.981650393083201,3165.2,5.39795643990322,0.0
2583.7709,8.3,4711.872,5.208700881,8.3,2365000.0,0.61921,5872.701,5.2,0.546874999999992,6598.0,9364.259,339.9,-0.0026,784.9,128.6,4.55196762,5.2504678803871,3184.6,5.39795643990322,0.0
2599.2815,8.23,4705.378,5.294133558,8.8,2403000.0,0.43219,5960.028,5.4,0.155400155400176,6797.0,9398.243,330.8,0.0052,797.7,128.9,4.55216196,5.3143738222831205,3190.5,5.39795643990322,0.0
2608.5526,8.23,4705.378,5.183754067,8.7,2431000.0,0.38327,5960.028,5.4,0.232738557020917,6742.0,9398.243,361.2,0.0008,784.0,129.1,4.80506176,3.96649380723344,3173.8,5.39795643990322,0.0
2628.5302,8.32,4705.378,5.388456883,8.6,2442000.0,0.56278,5960.028,5.2,0.541795665634708,6590.0,9398.243,358.0,0.0011,795.1,129.9,4.38261115,5.6279993107079,3194.2,5.39795643990322,0.0
2633.6059,8.05,4708.267,5.535071884,8.7,2461000.0,0.5625,6015.116,5.5,0.384911470361808,6922.0,9404.494,356.1,0.0014000000000000002,795.7,130.5,4.3418185,5.30267168754286,3208.8,5.39795643990322,0.0
2642.129,8.06,4708.267,5.855903558,8.1,2540000.0,0.62743,6015.116,5.7,0.92024539877301,7188.0,9404.494,322.6,0.012199999999999999,799.4,131.6,4.17053207,5.66560606341413,3228.1,5.39795643990322,1.0
2645.6551,8.03,4708.267,5.948660349,8.1,2644000.0,0.35789,6015.116,5.9,0.83586626139817,7368.0,9404.494,306.1,0.0169,802.3,132.5,4.3987447,2.8167227080654595,3230.4,5.39795643990322,1.0
2660.7895,9.52,4666.176,5.817450968,7.8,2787000.0,0.37792,6004.733,5.9,0.602863602110005,7459.0,9318.876,304.0,-0.0003,802.5,133.4,4.20053902,4.55335048443914,3236.5,5.39795643990322,1.0
2660.2945,7.61,4666.176,5.70341926,7.9,2955000.0,0.27781,6004.733,6.2,0.224719101123606,7764.0,9318.876,322.2,0.0183,819.6,133.7,4.05885498,3.61399611524087,3261.3,5.39795643990322,1.0
2677.9421,5.53,4666.176,5.672549361,8.8,2938000.0,0.35751,6004.733,6.3,0.0,7901.0,9318.876,330.2,0.0046,852.4,134.2,3.8939207,5.05582611888307,3291.6,5.39795643990322,1.0
2671.1852,8.18,4660.536,5.839029006,9.3,3162000.0,0.66893,6035.178,6.4,0.597907324364706,8015.0,9275.276,343.9,0.0088,806.9,134.7,3.92293115,5.5627844862673,3266.9,4.23496396453853,1.0
2686.4838,6.99,4660.536,5.883436919,8.8,3304000.0,0.46702,6035.178,6.6,0.148588410104032,8265.0,9275.276,367.1,-0.0016,812.8,134.8,3.90705382,4.3550241753906,3290.0,4.23496396453853,1.0
2700.2479,5.53,4660.536,5.496431415,8.0,3502000.0,0.25051,6035.178,6.8,0.148367952522256,8586.0,9275.276,375.2,-0.0005,823.9,134.8,4.17583618,3.65528536937658,3320.0,4.23496396453853,1.0
2699.8445,5.98,4632.319,5.302381155,8.6,3474000.0,0.25952,6126.862,6.7,0.148148148148129,8439.0,9347.597,375.4,0.0045000000000000005,829.8,135.1,4.1098331,3.37276123638892,3313.8,4.23496396453853,0.0
2705.4613,5.92,4632.319,5.248477287,8.4,3472000.0,0.32023,6126.862,6.9,0.295857988165682,8736.0,9347.597,389.8,0.0072,827.8,135.6,4.04991631,4.46850763239142,3318.2,4.23496396453853,0.0
2718.2188,6.74,4632.319,4.959978472,8.9,3356000.0,0.30836,6126.862,6.9,0.294985250737484,8692.0,9347.597,371.2,-0.0085,842.5,136.0,4.18764426,2.90193641246452,3330.5,4.23496396453853,0.0
2713.7963,5.85,4652.431,4.735708693,8.2,3306000.0,0.37489,6205.937,6.8,0.147058823529393,8586.0,9394.834,387.8,0.0028000000000000004,844.9,136.2,4.22225375,4.44203031238106,3332.4,4.23496396453853,0.0
2711.6699,5.5,4652.431,4.413788018,8.6,3279000.0,0.34638,6205.937,6.9,0.293685756240824,8666.0,9394.834,395.4,-0.0028000000000000004,851.3,136.6,4.13991739,3.08983246488028,3339.1,4.23496396453853,0.0
2724.2063,5.6,4652.431,4.465741661,8.8,3290000.0,0.3991,6205.937,6.9,0.439238653001466,8722.0,9394.834,387.9,0.0052,852.9,137.0,3.87849555,4.0654000776027,3325.4,4.23496396453853,0.0
2742.3003,5.23,4674.009,4.310597235,9.3,3299000.0,0.22309,6264.54,7.0,0.145772594752206,8842.0,9427.581,392.5,-0.0013,861.9,137.2,3.63786206,2.3353501360496898,3337.8,4.23496396453853,0.0
2759.5517,4.86,4674.009,4.370003221,9.0,3348000.0,0.30965,6264.54,7.0,0.291120815138284,8931.0,9427.581,375.2,-0.0037,881.0,137.8,3.56505772,4.29177716897127,3359.5,4.23496396453853,0.0
2777.3226,4.09,4674.009,4.366592403,9.7,3340000.0,0.34531,6264.54,7.3,0.0725689404934595,9198.0,9427.581,417.1,0.0048,919.1,138.2,3.41033346,2.64599695624381,3376.0,4.23496396453853,0.0
2780.9789,4.4,4730.051,4.069913371,9.4,3364000.0,0.31328,6363.102,7.3,0.145032632342278,9283.0,9540.444,408.8,-0.0068000000000000005,897.2,138.3,3.19854245,1.73273035529145,3364.7,3.0288196781497,0.0
2780.0954,4.13,4730.051,3.878184354,9.8,3280000.0,0.23686,6363.102,7.4,0.362056480810998,9454.0,9540.444,412.7,-0.0029,909.4,138.6,3.62829159,2.58885958946806,3383.3,3.0288196781497,0.0
2792.4538,4.07,4730.051,3.990512759,9.7,3336000.0,0.34847,6363.102,7.4,0.505050505050536,9460.0,9540.444,403.7,0.0017000000000000001,923.8,139.1,3.66026498,3.78706590402491,3393.0,3.0288196781497,0.0
2792.9713,3.85,4733.04,4.077543119,9.9,3365000.0,0.308,6470.763,7.4,0.143575017946859,9415.0,9643.893,414.9,0.006999999999999999,936.0,139.4,3.78985987,2.42829426223232,3385.9,3.0288196781497,0.0
2800.3117,3.8,4733.04,3.937860894,9.9,3392000.0,0.1842,6470.763,7.6,0.143369175627241,9744.0,9643.893,415.4,-0.0031,929.7,139.7,3.74616997,2.80232154164044,3370.3,3.0288196781497,0.0
2808.5929,4.53,4733.04,3.875841001,10.1,3340000.0,0.24525,6470.763,7.8,0.357909806728696,10040.0,9643.893,408.1,-0.002,936.3,140.1,3.56857666,4.28890893910334,3361.7,3.0288196781497,0.0
2807.0828,3.37,4768.661,3.785344226,9.6,3318000.0,0.26833,6566.641,7.7,0.213980028530681,9850.0,9739.185,424.2,0.0007000000000000001,946.5,140.5,3.35309944,1.77845400998218,3373.0,3.0288196781497,0.0
2823.0345,3.51,4768.661,3.644349796,9.7,3175000.0,0.21221,6566.641,7.6,0.284697508896798,9787.0,9739.185,414.0,-0.0019,963.8,140.8,3.1248226,2.1172726558109902,3386.3,3.0288196781497,0.0
2843.2344,4.47,4768.661,3.363566041,8.7,3194000.0,0.15368,6566.641,7.6,0.283889283179561,9781.0,9739.185,417.8,0.0024,967.0,141.1,2.95734236,1.8647095813975096,3376.3,3.0288196781497,0.0
2840.6185,3.04,4799.622,3.654950596,8.0,2973000.0,0.4682,6680.803,7.3,0.353857041755123,9398.0,9840.753,418.7,-0.0052,989.8,141.7,2.72804375,3.78383780857443,3403.5,3.0288196781497,0.0
2852.0076,3.45,4799.622,3.649402976,8.0,2911000.0,0.31298,6680.803,7.4,0.141043723554302,9565.0,9840.753,431.4,0.0028000000000000004,1022.6,142.1,3.32463334,3.27594189784477,3426.5,3.0288196781497,0.0
2866.9807,2.66,4799.622,3.497528562,10.6,2800000.0,0.20049,6680.803,7.4,-0.0704225352112772,9557.0,9840.753,435.7,-0.0070999999999999995,1048.6,142.3,3.50968543,1.87801390592812,3430.5,3.0288196781497,0.0
2856.5523,3.02,4793.588,3.547354737,8.6,2663000.0,0.36356,6729.459,7.3,0.493305144467928,9325.0,9857.185,438.8,0.0002,1016.5,142.8,3.26790846,3.442923847625749,3394.8,2.95165696638554,0.0
2870.4002,3.18,4793.588,3.580667722,8.9,2645000.0,0.25902,6729.459,7.1,0.350631136044892,9183.0,9857.185,443.4,0.0025,1016.7,143.1,3.00478524,2.29662586946326,3395.9,2.95165696638554,0.0
2891.3078,3.83,4793.588,3.353160609,8.9,2725000.0,0.14569,6729.459,7.0,0.34940600978336,9056.0,9857.185,451.7,-0.0007000000000000001,1020.5,143.3,2.67342493,1.7007959361273102,3396.3,2.95165696638554,0.0
2899.2081,3.01,4829.062,3.422176699,8.7,2792000.0,0.37838,6808.939,7.1,0.278551532033427,9110.0,9914.565,440.2,0.003,1037.9,143.8,2.77451693,4.09652033621579,3399.0,2.95165696638554,0.0
2911.3052,3.02,4829.062,3.551431283,8.3,2737000.0,0.28914,6808.939,7.1,0.138888888888889,9149.0,9914.565,450.2,-0.0049,1058.6,144.2,2.66472062,2.97550405217233,3425.4,2.95165696638554,0.0
2940.5136,3.92,4829.062,3.583428873,7.8,2747000.0,0.27882,6808.939,7.0,0.138696255201128,9121.0,9914.565,450.5,-0.0004,1054.2,144.3,2.76123734,2.54857377980864,3408.4,2.95165696638554,0.0
2943.7671,3.07,4868.494,3.437046316,7.6,2843000.0,0.14669,6882.098,6.9,0.0,8930.0,9961.873,448.1,-0.004699999999999999,1064.9,144.5,2.59179878,1.68885336227953,3418.6,2.95165696638554,0.0
2951.3728,3.19,4868.494,3.522739086,7.7,2788000.0,0.2892,6882.098,6.8,0.277008310249309,8763.0,9961.873,463.6,0.0037,1075.8,144.8,2.70290307,2.52892755090932,3419.7,2.95165696638554,0.0
2963.4916,3.99,4868.494,3.656038681,6.9,2836000.0,0.25894,6882.098,6.7,0.207182320441981,8714.0,9961.873,458.9,-0.0026,1075.5,145.0,2.45058069,2.3340019137216204,3412.4,2.95165696638554,0.0
2962.2682,3.03,4918.344,3.433321443,6.3,2801000.0,0.28218,7013.738,6.8,0.413507925568557,8750.0,10097.362,467.8,0.0002,1096.0,145.6,2.39884319,3.6998153130413103,3430.5,2.95165696638554,0.0
2973.183,3.16,4918.344,3.445125507,6.3,2784000.0,0.32005,7013.738,6.6,0.0686341798215785,8542.0,10097.362,461.8,-0.0002,1124.7,146.0,2.56229533,3.6360647138418094,3466.1,2.95165696638554,0.0
2996.7497,2.85,4918.344,3.557822725,9.1,2720000.0,0.30405,7013.738,6.5,0.0,8477.0,10097.362,466.4,-0.004699999999999999,1154.6,146.3,2.72011647,2.8177074707488297,3485.9,2.95165696638554,0.0
2999.1199,3.68,4946.046,3.384372964,7.1,2762000.0,0.20302,7115.652,6.6,0.274348422496554,8630.0,10195.338,481.6,0.0060999999999999995,1109.6,146.3,2.77268493,2.71177185775588,3437.4,2.6074415921546,0.0
3002.9135,3.49,4946.046,3.424654259,6.5,2797000.0,0.28196,7115.652,6.6,0.34199726402188,8583.0,10195.338,467.1,0.0021,1115.8,146.7,2.62016875,3.6058143013175,3448.3,2.6074415921546,0.0
3052.1261,4.18,4946.046,3.578833286,6.8,2710000.0,0.28035,7115.652,6.5,0.340831629175198,8470.0,10195.338,445.8,0.0004,1118.2,147.1,2.97120305,2.17453638595826,3458.9,2.6074415921546,0.0
3057.5432,3.73,4985.339,3.364064138,6.4,2769000.0,0.19116,7246.931,6.4,0.135869565217392,8331.0,10333.495,450.9,0.004,1132.3,147.2,3.65918278,2.5146859806895803,3474.9,2.6074415921546,0.0
3063.6285,4.6,4985.339,3.238103819,7.6,2727000.0,0.18175,7246.931,6.1,0.0678426051560472,7915.0,10333.495,456.5,-0.0017000000000000001,1121.2,147.5,3.62457709,2.90181334741006,3459.0,2.6074415921546,0.0
3084.9443,5.96,4985.339,3.207540833,6.9,2687000.0,0.24781,7246.931,6.1,0.33898305084745,7927.0,10333.495,444.3,-0.0074,1120.9,147.9,3.59356552,2.8947919642116497,3450.5,2.6074415921546,0.0
3109.862,4.29,5015.735,3.245680943,7.0,2626000.0,0.17374,7331.075,6.1,0.270270270270271,7946.0,10393.898,458.3,0.009000000000000001,1133.1,148.4,3.7864194,2.0694530806578504,3471.5,2.6074415921546,0.0
3127.3385,4.7,5015.735,3.318864731,6.5,2648000.0,0.35253,7331.075,6.0,0.404312668463614,7933.0,10393.898,475.5,-0.0013,1127.8,149.0,3.58028405,3.5187037719115697,3458.0,2.6074415921546,0.0
3131.3577,5.44,5015.735,3.267212367,6.8,2601000.0,0.2185,7331.075,5.9,0.268456375838927,7734.0,10393.898,462.7,0.0011,1124.2,149.3,3.6371045,3.74709367119364,3448.5,2.6074415921546,0.0
3141.9468,4.9,5030.284,3.178740091,7.1,2536000.0,0.20401,7455.288,5.8,0.066934404283811,7632.0,10512.962,472.4,-0.003,1135.1,149.4,3.95662307,2.22031958593512,3461.2,2.6074415921546,0.0
3156.8511,5.66,5030.284,3.142092625,7.0,2530000.0,0.30582,7455.288,5.6,0.13377926421403,7375.0,10512.962,453.7,-0.0033,1149.9,149.8,4.10325275,4.39209057745666,3484.9,2.6074415921546,0.0
3182.4211,4.94,5030.284,2.915659975,7.2,2499000.0,0.11009,7455.288,5.5,0.0,7230.0,10512.962,459.3,-0.0040999999999999995,1171.3,150.1,4.11695307,1.21608593151488,3498.4,2.6074415921546,0.0
3204.2107,5.86,5053.215,3.159681044,7.5,2532000.0,0.41479,7522.289,5.6,0.400801603206414,7375.0,10550.251,470.4,0.0040999999999999995,1123.2,150.5,4.24429022,4.18619483418634,3455.3,2.80541968853655,0.0
3206.7093,6.1,5053.215,3.139699974,7.8,2533000.0,0.27509,7522.289,5.4,0.399201596806389,7187.0,10550.251,487.4,0.0074,1123.1,150.9,4.05499673,3.3376345207508904,3463.2,2.80541968853655,0.0
3216.1956,6.3,5053.215,3.184482491,7.5,2530000.0,0.34524,7522.289,5.4,0.331345261762749,7153.0,10550.251,500.7,-0.003,1125.3,151.2,3.72098557,3.26457127001425,3479.8,2.80541968853655,0.0
3277.1682,6.06,5083.507,3.322916117,6.9,2539000.0,0.30961,7580.997,5.8,0.330250990752982,7645.0,10581.723,514.7,0.0023,1151.4,151.8,3.6549273,3.65850979935234,3508.9,2.80541968853655,0.0
3300.0531,6.17,5083.507,3.367477772,7.1,2574000.0,0.23025,7580.997,5.6,0.197498354180374,7430.0,10581.723,533.4,0.0187,1119.3,152.1,3.4204808,3.5594625767825896,3500.3,2.80541968853655,0.0
3309.2448,6.11,5083.507,3.34707431,6.7,2602000.0,0.22846,7580.997,5.6,0.197109067017092,7427.0,10581.723,544.8,0.0017000000000000001,1120.2,152.4,2.90471287,2.09953665851426,3521.7,2.80541968853655,0.0
3338.9682,5.97,5123.366,3.402097044,7.1,2585000.0,0.23267,7683.125,5.7,0.0,7527.0,10671.738,562.1,-0.0014000000000000002,1133.9,152.6,2.93803016,3.03271532641816,3560.1,2.80541968853655,0.0
3356.6404,5.93,5123.366,3.255560049,6.7,2610000.0,0.23981,7683.125,5.7,0.262295081967214,7484.0,10671.738,561.9,0.0018,1121.3,152.9,3.14848844,2.94234945083716,3568.2,2.80541968853655,0.0
3381.3499,6.2,5123.366,3.368207809,6.8,2609000.0,0.30733,7683.125,5.6,0.196206671026807,7478.0,10671.738,584.4,-0.0026,1117.1,153.1,3.01759856,3.2632119535976,3569.6,2.80541968853655,0.0
3381.0804,5.97,5173.362,3.479287466,7.1,2674000.0,0.31416,7772.586,5.5,0.326370757180149,7328.0,10744.203,581.5,-0.0029,1118.1,153.5,3.0097294,3.22700732941383,3582.9,2.80541968853655,0.0
3385.1589,6.11,5173.362,3.394879542,6.6,2712000.0,0.21789,7772.586,5.6,-0.0650618087182741,7426.0,10744.203,605.4,-0.0036,1131.7,153.7,2.88422441,2.66922899078137,3618.0,2.80541968853655,0.0
3404.7584,4.73,5173.362,3.397750888,6.1,2558000.0,0.10516,7772.586,5.6,-0.0651041666666584,7423.0,10744.203,615.9,0.0029,1152.2,153.9,2.72215346,2.5796467388820004,3648.7,2.80541968853655,0.0
3423.4274,5.71,5216.454,3.294296705,6.7,2637000.0,0.3279,7868.468,5.6,0.586319218241036,7491.0,10824.674,636.0,0.009399999999999999,1092.6,154.7,2.64759197,3.77576772431056,3608.3,2.9312041999344,0.0
3440.4657,6.05,5216.454,3.278044833,6.7,2655000.0,0.27648,7868.468,5.5,0.323834196891202,7313.0,10824.674,640.4,-0.0068000000000000005,1095.4,155.0,2.59785872,2.6189607116124103,3642.4,2.9312041999344,0.0
3453.1455,5.25,5216.454,3.15123296,6.6,2675000.0,0.22314,7868.468,5.5,0.516462233699146,7318.0,10824.674,645.5,-0.0052,1106.0,155.5,2.8972936,3.1105647730186496,3679.7,2.9312041999344,0.0
3466.7174,5.5,5262.128,3.021419042,5.7,2609000.0,0.20895,8032.84,5.6,0.385356454720635,7415.0,11005.217,654.2,0.0,1100.9,156.1,3.10833442,3.13327571333888,3666.2,2.9312041999344,0.0
3464.7588,5.31,5262.128,3.065009249,6.7,2590000.0,0.27316,8032.84,5.6,0.191938579654503,7423.0,11005.217,669.1,-0.0039000000000000003,1087.3,156.4,3.30502587,2.9377900582841403,3671.5,2.9312041999344,0.0
3490.7987,5.0,5262.128,3.066510398,7.1,2556000.0,0.23783,8032.84,5.3,0.0638569604086764,7095.0,11005.217,670.6,0.0031,1097.0,156.7,3.49408029,2.51124866161314,3696.4,2.9312041999344,0.0
3479.3447,6.75,5307.589,3.103134864,6.7,2472000.0,0.27791,8131.408,5.5,0.191448627951509,7337.0,11103.935,640.0,0.0074,1093.7,157.0,3.36926055,3.1963724632271004,3712.4,2.9312041999344,0.0
3497.5182,5.28,5307.589,3.096243134,6.6,2516000.0,0.22597,8131.408,5.1,0.19108280254778,6882.0,11103.935,652.0,-0.008199999999999999,1081.2,157.2,3.32941538,2.3215009912297,3723.5,2.9312041999344,0.0
3529.9072,6.09,5307.589,3.076709572,6.7,2479000.0,0.30952,8131.408,5.2,0.317863954227583,6979.0,11103.935,687.3,0.0016,1077.7,157.7,3.52082209,3.13018982525812,3719.3,2.9312041999344,0.0
3546.9803,5.63,5348.978,2.957328624,6.4,2474000.0,0.23018,8259.771,5.2,0.316856780735101,7031.0,11219.238,705.3,0.0063,1065.4,158.2,3.31834947,2.8819818031793303,3742.8,2.9312041999344,0.0
3581.9964,5.44,5348.978,2.99348831,6.4,2460000.0,0.26237,8259.771,5.4,0.189513581806689,7236.0,11219.238,757.0,0.0026,1076.7,158.7,3.14164675,3.4965341186496497,3783.6,2.9312041999344,0.0
3591.421,6.26,5348.978,3.066760867,6.4,2497000.0,0.18236,8259.771,5.4,0.0,7253.0,11219.238,740.7,-0.0175,1113.9,159.1,2.95093511,2.20024121572453,3836.3,2.9312041999344,0.0
3617.5579,5.37,5389.411,2.924852958,6.2,2492000.0,0.20638,8362.655,5.3,0.315258511979816,7158.0,11291.665,786.2,0.0026,1064.1,159.4,3.2548678,3.02617905351408,3804.4,2.33768993730741,0.0
3628.8219,5.5,5389.411,2.815492049,6.2,2414000.0,0.17622,8362.655,5.2,0.314267756128231,7102.0,11291.665,790.8,-0.0054,1060.1,159.7,3.21337489,2.34294951187677,3823.1,2.33768993730741,0.0
3672.3656,7.07,5389.411,2.868448161,6.4,2331000.0,0.26833,8362.655,5.2,0.250626566416041,7000.0,11291.665,757.1,-0.0217,1078.5,159.8,3.3085558,2.95319457160124,3878.0,2.33768993730741,0.0
3724.0173,5.82,5459.522,2.924881516,6.5,2327000.0,0.2437,8518.825,5.1,0.124999999999984,6873.0,11479.33,801.3,0.0092,1057.2,159.9,3.55047337,2.9877083499694,3856.7,2.33768993730741,0.0
3728.9293,5.58,5459.522,2.883239208,6.8,2307000.0,0.22002,8518.825,4.9,-0.0624219725343241,6655.0,11479.33,848.3,0.005,1044.8,159.9,3.43698117,2.63567345485551,3858.0,2.33768993730741,0.0
3752.5523,6.87,5459.522,2.841507556,6.6,2338000.0,0.19673,8518.825,5.0,0.124921923797643,6799.0,11479.33,885.1,-0.0025,1070.3,160.2,3.27910832,2.49848264690866,3886.0,2.33768993730741,0.0
3782.5895,5.96,5487.33,2.764311367,6.1,2259000.0,0.21251,8662.823,4.9,0.124766063630677,6655.0,11622.911,954.3,0.0021,1053.4,160.4,3.19987642,2.02617633760405,3893.1,2.33768993730741,0.0
3793.8207,5.52,5487.33,2.668660701,6.0,2284000.0,0.14059,8662.823,4.8,0.186915887850476,6608.0,11622.911,899.5,-0.0046,1060.0,160.8,3.0885119,2.31561868855912,3939.5,2.33768993730741,0.0
3815.4903,5.81,5487.33,2.558893145,6.2,2233000.0,0.20876,8662.823,4.9,0.248756218905457,6656.0,11622.911,947.3,-0.0063,1052.3,161.2,3.15086952,2.53199694313149,3930.4,2.33768993730741,0.0
3833.6143,5.56,5579.365,2.633884037,6.2,2228000.0,0.27304,8765.907,4.7,0.248138957816378,6454.0,11722.722,914.6,0.0121,1045.3,161.5,3.01659074,2.48154492879276,3955.4,2.33768993730741,0.0
3878.0461,5.5,5579.365,2.564888202,6.4,2242000.0,0.19473,8765.907,4.6,-0.061881188118804,6308.0,11722.722,955.4,0.004,1064.0,161.7,2.97295683,2.7079596776415897,4003.0,2.33768993730741,0.0
3906.0094,5.84,5579.365,2.636585632,6.4,2291000.0,0.24835,8765.907,4.7,-0.12383900928791,6476.0,11722.722,970.4,-0.0004,1114.9,161.8,2.91985104,3.06873423353,4055.4,2.33768993730741,0.0
3929.7534,5.48,5701.183,2.686312997,7.4,2200000.0,0.24395,8866.48,4.6,0.185988840669536,6368.0,11839.876,980.3,-0.0053,1059.3,162.0,2.84030163,2.42179277848711,4028.7,1.55227909874362,0.0
3962.8009,5.57,5701.183,2.70235568,7.4,2209000.0,0.19191,8866.48,4.6,0.185643564356445,6306.0,11839.876,1049.3,0.0006,1062.9,162.0,2.77706891,2.87065094209522,4077.1,1.55227909874362,0.0
3995.8999,5.88,5701.183,2.682792941,7.5,2215000.0,0.24639,8866.48,4.7,0.185299567634335,6422.0,11839.876,1101.8,0.0076,1074.3,162.0,2.85251196,2.44301532251741,4118.8,1.55227909874362,0.0
4011.3215,5.59,5854.296,2.650550927,7.2,2152000.0,0.21986,8969.699,4.3,0.184956843403215,5941.0,11949.492,1111.8,0.015700000000000002,1072.1,162.2,2.84606553,2.2748187478653,4127.3,1.55227909874362,0.0
4028.9088,5.63,5854.296,2.621199946,6.9,2146000.0,0.20516,8969.699,4.4,0.184615384615393,6047.0,11949.492,1090.8,-0.0062,1058.3,162.6,2.89304228,3.03777216799082,4125.3,1.55227909874362,0.0
4043.0846,7.06,5854.296,2.610692088,6.8,2388000.0,0.18113,8969.699,4.5,0.122850122850123,6212.0,11949.492,1133.8,-0.0040999999999999995,1071.2,162.8,2.87099745,3.12389474765322,4145.3,1.55227909874362,0.0
4066.5207,5.63,6004.417,2.613395599,6.9,2383000.0,0.2055,9121.097,4.5,0.122699386503052,6259.0,12099.191,1120.7,-0.0195,1060.4,163.2,2.77070571,3.21477716314102,4165.8,1.55227909874362,0.0
4109.4807,5.89,6004.417,2.643666793,6.8,2182000.0,0.16993,9121.097,4.5,0.12254901960786,6179.0,12099.191,957.3,-0.068,1072.2,163.4,2.77934018,3.3717716016433705,4213.2,1.55227909874362,0.0
4132.0035,6.14,6004.417,2.603431515,6.4,2148000.0,0.18754,9121.097,4.6,0.122399020807818,6300.0,12099.191,1017.0,-0.0305,1063.1,163.5,2.49623921,3.1662397199017995,4214.6,1.55227909874362,0.0
4204.4672,5.35,6154.904,2.54435291,6.2,2162000.0,0.21205,9293.991,4.5,0.24449877750613,6280.0,12294.737,1098.7,0.0118,1074.0,163.9,1.93514547,3.33701606701728,4280.3,1.55227909874362,0.0
4235.5907,5.11,6154.904,2.531446927,6.3,2236000.0,0.18042,9293.991,4.4,0.0,6100.0,12294.737,1163.6,-0.0241,1118.8,164.1,2.22103048,2.1930187838977,4348.6,1.55227909874362,0.0
4245.3278,4.07,6154.904,2.446189532,5.8,2266000.0,0.1741,9293.991,4.4,-0.0609756097561058,6032.0,12294.737,1229.2,-0.0022,1136.5,164.4,2.22957981,1.9936687234930897,4397.7,1.55227909874362,0.0
4241.4679,4.79,6287.868,2.3907588,6.4,2259000.0,0.208538,9411.682,4.3,0.244051250762677,5976.0,12410.778,1279.6,0.011200000000000002,1082.5,164.7,2.30815245,1.54917204327125,4374.0,2.18802719697358,0.0
4234.2249,4.84,6287.868,2.3238316,6.3,2219000.0,0.135694,9411.682,4.4,0.121728545343868,6111.0,12410.778,1238.3,-0.0054,1087.3,164.7,2.36759019,1.74041061308616,4414.3,2.18802719697358,0.0
4274.672,4.98,6287.868,2.2464619,6.0,2191000.0,0.178467,9411.682,4.2,0.303951367781164,5783.0,12410.778,1286.4,-0.0111,1104.3,164.8,2.71035881,1.84262079989537,4443.8,2.18802719697358,0.0
4272.8736,5.03,6443.783,2.2358613,5.0,2193000.0,0.212001,9526.21,4.3,0.727272727272714,6004.0,12514.408,1335.2,-0.005699999999999999,1104.6,165.9,2.67778993,2.67599038238358,4466.9,2.18802719697358,0.0
4287.7538,4.61,6443.783,2.1625267,4.8,2191000.0,0.130376,9526.21,4.2,0.0,5796.0,12514.408,1301.8,0.0159,1105.1,166.0,2.70423805,1.7151774759723402,4467.6,2.18802719697358,0.0
4328.5092,5.12,6443.783,2.0812547,4.7,2177000.0,0.100888,9526.21,4.3,0.0,5951.0,12514.408,1372.7,0.015700000000000002,1097.5,166.0,3.11656311,1.18284460497857,4463.4,2.18802719697358,0.0
4326.2493,5.07,6607.639,2.1244533,4.8,2164000.0,0.250634,9686.626,4.3,0.300842358604085,6025.0,12679.977,1328.7,-0.0092,1089.9,166.7,3.0055618,2.39370686970688,4498.5,2.18802719697358,0.0
4359.8228,5.57,6607.639,2.1074137,4.7,2168000.0,0.160329,9686.626,4.2,0.239952009598097,5838.0,12679.977,1320.4,-0.0027,1086.7,167.1,3.10154331,2.3615824284601,4517.1,2.18802719697358,0.0
4397.4939,5.51,6607.639,2.0832919,4.1,2158000.0,0.144733,9686.626,4.2,0.478755236385384,5915.0,12679.977,1282.7,0.0113,1077.8,167.8,3.16946543,2.4805631178883303,4513.5,2.18802719697358,0.0
4424.4443,5.27,6788.529,2.0639533,4.4,2082000.0,0.199993,9900.169,4.1,0.178677784395466,5778.0,12888.281,1362.9,0.015300000000000001,1091.0,168.1,3.14292186,1.69360586521141,4555.0,2.18802719697358,0.0
4462.5274,5.63,6788.529,2.1623251,4.6,2098000.0,0.270511,9900.169,4.1,0.0594530321046454,5716.0,12888.281,1388.9,-0.0134,1126.3,168.4,3.14725353,2.18775527240926,4606.4,2.18802719697358,0.0
4524.5408,3.99,6788.529,2.1818508,4.2,2102000.0,0.187267,9900.169,4.0,0.0,5653.0,12888.281,1469.2,0.0032,1171.9,168.8,3.1922035,2.6023734453745497,4668.1,2.18802719697358,0.0
4554.4469,5.87,7116.996,2.350195,5.0,2164000.0,0.35487,10002.179,4.0,0.297088532382659,5708.0,12935.252,1394.5,0.0252,1108.7,169.3,3.41105112,3.85177112617523,4634.7,3.37685727149935,0.0
4568.0233,5.85,7116.996,2.3950909,4.5,2157000.0,0.176327,10002.179,4.1,0.592417061611377,5858.0,12935.252,1366.4,0.013600000000000001,1101.4,170.0,3.51334339,2.78558392501993,4666.4,3.37685727149935,0.0
4621.0348,6.17,7116.996,2.4989589,4.3,2068000.0,0.270402,10002.179,4.0,0.824499411071837,5733.0,12935.252,1498.6,0.0072,1111.2,171.0,3.44034736,3.41680877584016,4727.0,3.37685727149935,0.0
4672.2433,6.06,7431.934,2.4247194,4.8,2027000.0,0.13861,10247.72,3.8,0.058411214953279,5481.0,13170.749,1452.4,-0.0085,1129.2,170.9,3.20296665,2.27690126641777,4800.6,3.37685727149935,0.0
4720.5018,6.83,7431.934,2.5736327,4.8,1987000.0,0.263778,10247.72,4.0,0.116754232340923,5758.0,13170.749,1420.6,-0.0013,1104.1,171.2,3.3605311,2.85353384475986,4719.9,3.37685727149935,0.0
4753.5589,6.86,7431.934,2.7153642,4.8,2033000.0,0.24392,10247.72,4.0,0.524781341107882,5651.0,13170.749,1454.6,0.0085,1098.7,172.2,3.1278929,3.14253450270141,4721.5,3.37685727149935,0.0
4787.5743,6.64,7711.272,2.7240005,5.1,2085000.0,0.260883,10318.165,4.0,0.23201856148492,5747.0,13183.89,1430.8,0.0077,1105.1,172.7,3.06235485,3.4363633527404702,4758.5,3.37685727149935,0.0
4804.227,6.65,7711.272,2.8853852,5.2,2119000.0,0.297119,10318.165,4.1,0.0,5853.0,13183.89,1517.7,0.01,1103.3,172.7,3.04561328,2.87570061509343,4792.7,3.37685727149935,0.0
4837.5427,6.6,7711.272,2.908796,4.5,2077000.0,0.174872,10318.165,3.9,0.520833333333312,5625.0,13183.89,1436.5,-0.0149,1081.5,173.6,2.88599618,3.06873423353,4802.4,3.37685727149935,0.0
4813.8547,6.59,8031.324,2.9310365,4.8,2126000.0,0.219049,10435.744,3.9,0.172711571675311,5534.0,13262.25,1429.4,0.0219,1104.7,173.9,2.87662559,2.7010732653574503,4828.9,3.37685727149935,0.0
4837.3691,6.62,8031.324,2.8816134,4.7,2295000.0,0.215025,10435.744,3.9,0.0574712643678088,5639.0,13262.25,1315.0,-0.02,1111.0,174.2,2.83313793,2.65177399972001,4883.8,3.37685727149935,0.0
4885.0447,5.41,8031.324,2.9838403,4.4,2378000.0,0.277242,10435.744,3.9,-0.0574382538770748,5634.0,13262.25,1320.3,-0.0104,1127.5,174.6,2.63921042,3.2964610225159103,4956.0,3.37685727149935,0.0
4919.8776,5.74,8668.96,2.8896431,4.9,2440000.0,0.282333,10470.231,4.2,0.632183908045972,6023.0,13219.251,1366.0,-0.005600000000000001,1097.3,175.6,2.25143294,4.0764778317574,4930.5,2.82617111885402,0.0
4916.4202,5.59,8668.96,2.9893325,5.0,2506000.0,0.262264,10470.231,4.2,0.39977155910909,6089.0,13219.251,1239.9,-0.0143,1101.0,176.0,2.26701398,2.8367889543748905,5011.0,2.82617111885402,0.0
4922.1519,5.29,8668.96,2.9711853,5.3,2620000.0,0.260577,10470.231,4.3,0.227531285551749,6141.0,13219.251,1160.3,0.010700000000000001,1113.7,176.1,2.26729473,2.99214660516078,5087.5,2.82617111885402,0.0
4941.556,4.67,8873.194,3.1007641,5.1,2728000.0,0.263322,10599.0,4.4,0.3972758229285,6271.0,13301.394,1249.5,-0.0028000000000000004,1133.3,176.4,2.22098391,3.14463308812682,5102.0,2.82617111885402,1.0
4962.7881,4.24,8873.194,3.0843327,4.5,2926000.0,0.260544,10599.0,4.3,0.452232899943458,6226.0,13301.394,1255.8,0.0062,1123.6,177.3,2.43341797,3.5011161919658704,5090.8,2.82617111885402,1.0
4953.3802,3.95,8873.194,3.2118098,4.4,2959000.0,0.364821,10599.0,4.5,0.16882386043895,6484.0,13301.394,1224.4,-0.0015,1125.7,177.7,2.52645602,3.52180031475502,5123.5,2.82617111885402,1.0
4951.7039,3.82,9092.797,3.2190557,5.6,3056000.0,0.264664,10598.02,4.6,-0.280898876404488,6583.0,13248.142,1211.2,0.005600000000000001,1153.3,177.4,2.52836744,2.4350411076885496,5169.1,2.82617111885402,1.0
4951.7262,3.66,9092.797,3.2635089,6.6,3163000.0,0.344288,10598.02,4.9,0.0,7042.0,13248.142,1133.6,0.0040999999999999995,1153.4,177.4,2.33436142,3.80544284558475,5206.1,2.82617111885402,1.0
5008.115,2.75,9092.797,3.3990087,7.0,3385000.0,0.291778,10598.02,5.0,0.450704225352114,7142.0,13248.142,1040.9,0.0219,1188.4,178.1,2.17776797,2.78250757475318,5318.5,2.82617111885402,1.0
5017.468,2.66,9330.38,3.4934371,3.1,3600000.0,0.310645,10660.465,5.3,-0.33651149747618,7694.0,13284.881,1059.8,0.0,1173.1,177.6,1.98693245,4.18407658200821,5296.3,2.82617111885402,1.0
5031.5042,2.06,9330.38,3.6122717,3.5,3593000.0,0.322518,10660.465,5.5,-0.168823860438935,8003.0,13284.881,1139.5,-0.0006,1186.4,177.5,1.81476553,3.4431714115967296,5383.1,2.82617111885402,1.0
5064.3543,1.52,9330.38,3.5754587,3.8,3474000.0,0.23064,10660.465,5.7,-0.394588500563707,8258.0,13284.881,1148.1,-0.0111,1253.1,177.4,2.0405763,2.47528603199942,5474.6,2.82617111885402,0.0
5035.4209,1.85,9573.863,3.5684398,5.7,3558000.0,0.267052,10783.5,5.7,0.226372382569328,8182.0,13394.91,1130.2,0.0149,1186.7,177.7,2.52349996,2.7615896715014903,5401.1,1.58603162650603,0.0
5056.0792,1.83,9573.863,3.5387817,5.5,3538000.0,0.24848,10783.5,5.7,0.395256916996071,8215.0,13394.91,1106.7,-0.0029,1185.9,178.0,2.40007343,3.38352407504046,5461.2,1.58603162650603,0.0
5082.2458,1.74,9573.863,3.480145,5.6,3723000.0,0.186946,10783.5,5.7,0.562429696287966,8304.0,13394.91,1147.4,0.0024,1200.7,178.5,2.42129018,2.8726214230371,5485.8,1.58603162650603,0.0
5078.3469,1.82,9746.28,3.4775061,5.5,3700000.0,0.245624,10887.46,5.9,0.559284116331084,8599.0,13477.356,1076.9,0.010700000000000001,1212.1,179.3,2.70112632,2.67648214481753,5462.6,1.58603162650603,0.0
5090.0859,1.79,9746.28,3.4632677,6.2,3712000.0,0.247374,10887.46,5.8,0.0,8399.0,13477.356,1067.1,0.0023,1200.7,179.5,2.35054993,2.42019843819257,5484.4,1.58603162650603,0.0
5123.6087,1.73,9746.28,3.2512149,6.2,3588000.0,0.181357,10887.46,5.8,0.0556173526140231,8393.0,13477.356,989.8,-0.0008,1195.5,179.6,2.31986391,2.5025331988713,5508.7,1.58603162650603,0.0
5157.0808,1.76,9915.549,3.2740984,5.4,3495000.0,0.271298,10984.04,5.8,0.111172873818774,8390.0,13531.741,911.6,0.0097,1221.0,180.0,2.14192855,2.24505523113134,5565.8,1.58603162650603,0.0
5221.6735,1.81,9915.549,3.1567969,5.4,3549000.0,0.227027,10984.04,5.7,0.333148250971684,8304.0,13531.741,916.1,-0.0019,1195.3,180.5,1.74226259,2.28572177593909,5595.6,1.58603162650603,0.0
5262.0487,1.85,9915.549,3.0374651,5.9,3555000.0,0.181292,10984.04,5.7,0.16602102933039,8251.0,13531.741,815.3,-0.0146,1217.2,180.8,1.44610825,2.71779789775748,5618.0,1.58603162650603,0.0
5352.0359,1.82,10089.852,2.9477485,5.8,3557000.0,0.229863,11061.433,5.7,0.165745856353599,8307.0,13549.421,885.8,-0.0055000000000000005,1222.6,181.2,1.26869564,2.31390307533894,5667.9,1.58603162650603,0.0
5410.9928,1.23,10089.852,2.8341831,5.8,3404000.0,0.221716,11061.433,5.9,0.0,8520.0,13549.421,936.3,-0.0028000000000000004,1213.5,181.5,1.39558681,1.9109760074518305,5728.6,1.58603162650603,0.0
5464.9185,1.16,10089.852,2.8018315,5.4,3462000.0,0.208176,11061.433,6.0,-0.220628792057364,8640.0,13549.421,879.8,0.0005,1293.8,181.8,1.69225366,3.01261428455382,5796.5,1.58603162650603,0.0
5456.9715,1.33,10295.119,2.7875531,5.4,3475000.0,0.223929,11174.129,5.8,0.442233278054161,8520.0,13619.434,855.7,0.0131,1231.3,182.6,1.48820174,2.18139042769816,5748.4,2.27009497336113,0.0
5517.3307,1.33,10295.119,2.7046594,5.3,3500000.0,0.17893,11174.129,5.9,0.770500825536602,8618.0,13619.434,841.1,0.0045000000000000005,1227.9,183.6,1.466379,1.9758302344968104,5800.0,2.27009497336113,0.0
5523.869,1.38,10295.119,2.6277872,5.0,3536000.0,0.134679,11174.129,5.9,0.600764609502999,8588.0,13619.434,848.2,-0.0177,1280.7,183.9,1.22359095,1.12621180925949,5884.0,2.27009497336113,0.0
5624.9994,1.31,10435.777,2.4593491,5.1,3676000.0,0.095053,11312.766,6.0,-0.217155266015187,8842.0,13741.107,916.9,-0.001,1281.4,183.2,1.30961847,0.553036890472014,5890.3,2.27009497336113,0.0
5659.5128,1.28,10435.777,2.3483407,5.5,3774000.0,0.148913,11312.766,6.1,-0.163220892274219,8957.0,13741.107,963.6,0.0147,1281.9,182.9,1.37072098,1.07578818642804,5909.6,2.27009497336113,0.0
5679.6724,1.45,10435.777,2.27155,5.3,3737000.0,0.104254,11312.766,6.3,0.108991825613079,9266.0,13741.107,974.5,-0.0017000000000000001,1320.9,183.1,0.90511574,1.12305963544221,5983.9,2.27009497336113,0.0
5736.6348,1.04,10604.228,2.237208,6.1,3647000.0,0.24582,11566.669,6.2,0.108873162765379,9011.0,13970.157,990.3,0.0028000000000000004,1305.6,183.7,1.12868896,2.6710731226571096,5997.9,2.27009497336113,0.0
5720.6633,1.01,10604.228,2.1655338,5.9,3608000.0,0.160603,11566.669,6.1,0.380641653072316,8896.0,13970.157,1008.0,0.0052,1296.2,184.5,1.75170446,2.35741426924818,6040.9,2.27009497336113,0.0
5708.6036,1.17,10604.228,2.1842475,5.1,3558000.0,0.19462,11566.669,6.1,0.325027085590467,8921.0,13970.157,996.0,-0.0105,1315.1,185.1,1.89723825,2.02226514469577,6001.5,2.27009497336113,0.0
5687.9284,1.03,10833.667,2.1611133,5.3,3441000.0,0.210782,11772.234,6.0,-0.107991360691145,8732.0,14131.379,1050.7,0.0036,1312.4,184.9,1.38081936,2.09586749439761,6013.1,2.27009497336113,0.0
5728.7855,1.01,10833.667,2.0365931,5.3,3331000.0,0.127801,11772.234,5.8,-0.270270270270264,8576.0,14131.379,1058.2,-0.0003,1296.6,185.0,1.71390165,1.1863624116481102,6045.1,2.27009497336113,0.0
5810.9393,0.94,10833.667,1.976213,5.2,3258000.0,0.170789,11772.234,5.7,-0.108401084010841,8317.0,14131.379,1111.9,0.0021,1386.0,185.5,1.71357266,1.79882233944806,6085.3,2.27009497336113,0.0
5832.2358,1.03,11353.91,1.9607229,4.9,3118000.0,0.244683,11923.447,5.7,0.48833423765599,8370.0,14212.34,1131.1,-0.0026,1306.5,186.3,1.70195436,2.2200747059839503,6008.7,2.67723669309173,0.0
5932.1289,1.04,11353.91,2.0481367,4.9,3057000.0,0.245669,11923.447,5.6,0.539956803455712,8167.0,14212.34,1144.9,0.0,1314.0,186.7,1.57158074,2.91265455346974,6081.5,2.67723669309173,0.0
6017.1515,1.05,11353.91,2.1370611,4.7,3007000.0,0.213855,11923.447,5.8,0.644468313641263,8491.0,14212.34,1126.2,-0.0007000000000000001,1383.4,187.1,1.47016466,2.7344022682197897,6167.0,2.67723669309173,0.0
6050.7809,1.03,11688.233,2.2577613,5.1,2960000.0,0.223881,12112.815,5.6,0.320170757737461,8170.0,14323.017,1107.3,-0.0059,1365.0,187.4,1.35814941,2.5383819269539303,6191.4,2.67723669309173,0.0
6074.3347,1.02,11688.233,2.2378638,5.1,2916000.0,0.133238,12112.815,5.6,0.585106382978719,8212.0,14323.017,1120.7,-0.0005,1356.5,188.2,1.88324516,3.2174948905270697,6242.2,2.67723669309173,0.0
6128.7263,1.38,11688.233,2.3794884,5.6,2917000.0,0.225217,12112.815,5.6,0.317292437863566,8286.0,14323.017,1140.8,0.004,1391.3,188.9,1.94657611,2.72493144884725,6230.3,2.67723669309173,0.0
6123.1234,1.29,12167.672,2.2638524,5.0,2894000.0,0.16143,12305.307,5.5,-0.158144438587237,8136.0,14457.832,1101.7,0.0012,1363.8,189.1,1.93379862,1.77113695955513,6240.6,2.67723669309173,0.0
6183.8131,1.55,12167.672,2.2577292,5.0,2880000.0,0.172951,12305.307,5.4,0.0527983104540587,7990.0,14457.832,1104.2,0.0045000000000000005,1388.7,189.2,1.85580269,2.87323745174035,6268.5,2.67723669309173,0.0
6234.5837,1.94,12167.672,2.240201,4.4,2839000.0,0.193854,12305.307,5.4,0.211081794195252,7927.0,14457.832,1114.6,-0.0002,1384.6,189.8,1.48469164,2.1466349952753,6293.3,2.67723669309173,0.0
6268.6396,1.79,12620.408,2.2372194,4.3,2763000.0,0.20646,12527.214,5.5,0.526592943654557,8061.0,14605.595,1130.2,0.0025,1375.9,190.8,1.6871063,2.6605010937276203,6326.2,2.67723669309173,0.0
6315.7473,2.02,12620.408,2.3012131,3.8,2761000.0,0.169376,12527.214,5.4,0.0523834468308086,7932.0,14605.595,1173.8,-0.0040999999999999995,1437.2,191.7,1.60768876,1.4800663055379,6397.6,2.67723669309173,0.0
6399.5183,1.97,12620.408,2.3138859,6.6,2771000.0,0.170147,12527.214,5.4,-0.366492146596853,7934.0,14605.595,1211.9,-0.0013,1467.7,191.7,1.90953662,1.91524972608856,6451.7,2.67723669309173,0.0
6505.6198,2.5,13065.225,2.3158903,3.2,2731000.0,0.256754,12767.286,5.3,0.210194429847596,7784.0,14767.846,1181.3,0.0085,1395.4,191.6,1.7792759,3.4217591363454103,6344.8,3.39274684549547,0.0
6585.793,2.52,13065.225,2.2862449,2.9,2703000.0,0.221033,12767.286,5.4,0.576822233875206,7980.0,14767.846,1203.6,-0.0064,1397.1,192.4,1.81315912,3.30400229074104,6407.0,3.39274684549547,0.0
6628.6196,2.96,13065.225,2.2461526,3.1,2683000.0,0.174295,12767.286,5.2,0.782064650677772,7737.0,14767.846,1180.6,-0.0007000000000000001,1434.9,193.1,1.97934111,1.8971793950121696,6463.3,3.39274684549547,0.0
6671.5069,2.97,13458.921,2.2397223,2.7,2596000.0,0.211437,12922.656,5.2,0.672529746508014,7672.0,14839.707,1156.8,0.011899999999999999,1394.7,193.7,2.02052684,2.09647901335652,6461.8,3.39274684549547,0.0
6744.9278,3.09,13458.921,2.3579552,3.2,2577000.0,0.23481,12922.656,5.1,-0.102774922918795,7651.0,14839.707,1191.5,-0.0060999999999999995,1420.9,193.6,1.78986568,3.16846235161856,6438.9,3.39274684549547,0.0
6774.0998,3.35,13458.921,2.1993552,2.6,2569000.0,0.09734,12922.656,5.0,0.0514403292181004,7524.0,14839.707,1191.3,-0.0070999999999999995,1433.0,193.7,1.66688811,1.62477538920178,6481.4,3.39274684549547,0.0
6861.728,3.31,13929.791,2.3010794,2.1,2570000.0,0.231732,13142.642,5.0,0.462724935732656,7406.0,14956.291,1234.2,-0.0076,1391.6,194.9,1.82002108,3.0286455734746403,6497.1,3.39274684549547,0.0
6910.9728,3.63,13929.791,2.2644059,2.6,2568000.0,0.138483,13142.642,4.9,0.511770726714434,7345.0,14956.291,1220.3,0.0098,1427.6,196.1,2.00821677,2.22215620270876,6520.8,3.39274684549547,0.0
6961.1465,3.93,13929.791,2.3340762,2.7,2853000.0,0.248808,13142.642,5.0,1.22199592668025,7553.0,14956.291,1228.8,0.0009,1401.5,198.8,1.73569017,4.02470724061161,6544.4,3.39274684549547,0.0
6981.6682,4.02,14365.104,2.3253024,2.9,2752000.0,0.201974,13324.204,5.0,0.201207243460752,7453.0,15041.232,1207.0,0.0072,1412.9,199.1,1.96704484,3.3315751559861897,6587.6,3.39274684549547,0.0
6999.6365,4.03,14365.104,2.4316658,3.2,2587000.0,0.271427,13324.204,5.0,-0.803212851405626,7566.0,15041.232,1249.5,-0.0064,1434.3,198.1,2.07568901,2.83691194814226,6642.3,3.39274684549547,0.0
7095.3838,4.09,14365.104,2.4690335,3.1,2660000.0,0.200389,13324.204,4.9,-0.40485829959513,7279.0,15041.232,1248.3,-0.0049,1457.2,198.1,2.01834727,2.20489319920401,6710.1,3.39274684549547,0.0
7145.7471,4.47,14161.882,2.4510191,3.7,2565000.0,0.236027,13599.16,4.7,0.762195121951216,7064.0,15244.088,1280.08,-0.004,1414.4,199.3,2.06484172,2.88432186623886,6639.2,3.22594410070407,0.0
7183.5744,4.52,14161.882,2.4992554,3.9,2504000.0,0.266327,13599.16,4.8,0.20171457387795,7184.0,15244.088,1280.66,-0.0104,1410.8,199.4,2.20441278,2.07202087371556,6735.0,3.22594410070407,0.0
7237.4337,5.0,14161.882,2.581219,4.1,2439000.0,0.250822,13599.16,4.7,0.55359838953198,7072.0,15244.088,1294.87,-0.0040999999999999995,1443.3,199.7,2.38362088,3.08218251360963,6780.8,3.22594410070407,0.0
7341.6569,4.86,14218.239,2.6806926,3.8,2357000.0,0.29703,13753.424,4.7,0.850850850850834,7120.0,15281.525,1310.61,0.0007000000000000001,1414.4,200.7,2.35839303,2.8870316165126,6837.6,3.22594410070407,0.0
7420.0387,5.05,14218.239,2.7839595,3.6,2381000.0,0.341688,13753.424,4.6,0.496277915632743,6980.0,15281.525,1270.09,0.008100000000000001,1443.5,201.3,2.40637015,4.28816068458393,6779.9,3.22594410070407,0.0
7429.1841,5.05,14218.239,3.0344298,3.7,2419000.0,0.313399,13753.424,4.6,0.197530864197532,7001.0,15281.525,1270.2,-0.0021,1417.7,201.8,2.45080986,3.19983083499134,6822.7,3.22594410070407,0.0
7496.8034,5.31,14247.997,3.0939988,3.1,2460000.0,0.285684,13870.188,4.7,0.295712173484489,7175.0,15304.517,1276.66,-0.0015,1405.8,202.9,2.49634953,3.05393052415284,6832.8,3.22594410070407,0.0
7543.7842,5.31,14247.997,3.2251144,3.3,2457000.0,0.245264,13870.188,4.7,0.196560196560197,7091.0,15304.517,1303.82,-0.0012,1418.9,203.8,2.2982861,4.62137039677921,6868.4,3.22594410070407,0.0
7525.4403,5.34,14247.997,3.212012,3.2,2437000.0,0.228571,13870.188,4.5,-0.490436488474757,6847.0,15304.517,1335.85,-0.0023,1370.2,202.8,2.20605719,2.1062637733366696,6874.3,3.22594410070407,0.0
7705.5697,5.31,14193.528,3.2911246,3.2,2449000.0,0.27191,14039.56,4.4,-0.542138984721521,6727.0,15433.643,1377.94,0.0,1415.7,201.9,2.21206207,3.6506970400157694,6932.6,3.22594410070407,0.0
7779.7353,5.31,14193.528,3.1482614,3.6,2517000.0,0.146207,14039.56,4.5,-0.148662041625379,6872.0,15433.643,1400.63,0.0008,1429.0,202.0,2.1998854,3.02469916751935,7032.9,3.22594410070407,0.0
7877.4252,5.17,14193.528,3.1241583,3.5,2455000.0,0.188454,14039.56,4.4,0.148883374689833,6762.0,15433.643,1418.3,-0.0045000000000000005,1443.2,203.1,2.12213778,2.72554654380133,7111.2,3.22594410070407,0.0
7909.4757,5.33,13758.039,3.1457342,3.2,2520000.0,0.272426,14215.651,4.6,0.305252725470763,7116.0,15478.956,1438.24,0.0066,1400.1,203.437,2.14807579,2.9644102631689195,7029.6,2.85267248150136,0.0
7960.0234,5.41,13758.039,3.161558,3.6,2549000.0,0.283584,14215.651,4.5,0.535036755987662,6927.0,15478.956,1406.82,0.005600000000000001,1376.2,204.226,2.28715091,4.4470256400193495,7114.9,2.85267248150136,0.0
7895.9426,5.3,13758.039,3.1090014,3.9,2499000.0,0.20129,14215.651,4.4,0.910569585108543,6731.0,15478.956,1420.86,-0.0012,1414.7,205.288,2.0249864,2.6885311218425296,7210.3,2.85267248150136,0.0
7964.1908,5.29,13436.737,2.9667028,3.8,2486000.0,0.18735,14402.082,4.5,0.649616268650889,6850.0,15577.779,1482.37,-0.0078000000000000005,1426.9,205.904,2.07748685,2.36832536836802,7207.1,2.85267248150136,0.0
8022.286,5.28,13436.737,2.783324,3.6,2480000.0,0.16929,14402.082,4.4,0.61107186747047,6766.0,15577.779,1530.62,0.0003,1427.4,206.755,2.0318442,2.35349143799752,7218.2,2.85267248150136,0.0
8083.2112,5.31,13436.737,2.6305791,3.5,2501000.0,0.188202,14402.082,4.6,0.193797517660565,6979.0,15577.779,1503.35,-0.0016,1387.3,207.234,2.24630973,3.2680317367730405,7243.9,2.85267248150136,0.0
8149.5539,5.28,13065.939,2.5346411,3.4,2537000.0,0.226181,14564.117,4.7,-0.0254377207802054,7149.0,15671.605,1455.27,-0.0126,1407.9,207.603,2.37357342,2.82817098511783,7251.2,2.85267248150136,0.0
8293.6752,4.96,13065.939,2.4685402,3.1,2569000.0,0.205997,14564.117,4.6,-0.183390222708711,7067.0,15671.605,1473.99,0.011200000000000002,1414.9,207.667,2.13388077,2.18457280462696,7357.4,2.85267248150136,0.0
8375.1594,4.58,13065.939,2.4838823,3.1,2518000.0,0.273057,14564.117,4.7,0.275590740535893,7170.0,15671.605,1526.8,-0.003,1356.2,208.547,1.94622258,3.7044060077008303,7321.5,2.85267248150136,0.0
8472.1038,4.6,12646.31,2.5033248,3.0,2587000.0,0.282709,14715.058,4.7,0.213919132812117,7237.0,15767.146,1549.38,0.012,1418.8,209.19,1.98911422,3.43463052089827,7359.7,2.85267248150136,0.0
8539.5686,4.66,12646.31,2.6563697,2.8,2634000.0,0.284747,14715.058,4.7,0.593961787341581,7240.0,15767.146,1481.14,0.0078000000000000005,1411.9,210.834,1.82624712,3.475359352757,7444.0,2.85267248150136,0.0
8587.6143,3.06,12646.31,2.7127336,3.2,2760000.0,0.22968,14715.058,5.0,-0.0670863129647814,7645.0,15767.146,1468.36,-0.0069,1457.6,211.445,1.38696881,2.98265388398264,7514.5,2.85267248150136,0.0
8600.8985,3.22,11903.009,2.7470404,3.2,2845000.0,0.292763,14706.538,5.0,0.497057647260469,7685.0,15702.906,1378.55,0.0168,1400.3,212.174,1.39949068,3.28360527628442,7471.4,3.83910029665101,1.0
8665.755,3.01,11903.009,2.6165653,3.6,2884000.0,0.173662,14706.538,4.9,0.290411218495348,7497.0,15702.906,1330.63,-0.0271,1385.1,212.687,1.11112286,2.85747436326564,7590.6,3.83910029665101,1.0
8711.1506,2.51,11903.009,2.6887664,3.4,2967000.0,0.277599,14706.538,5.1,0.866821293098967,7822.0,15702.906,1322.7,0.005699999999999999,1455.6,213.448,1.02522008,3.0404857461239905,7733.1,3.83910029665101,1.0
8720.8599,2.37,11340.684,2.7251103,2.9,2986000.0,0.218402,14865.701,5.0,0.606477838971956,7637.0,15792.773,1385.59,-0.0038,1443.6,213.942,1.06289422,2.24101388446512,7671.0,3.83910029665101,1.0
8689.1524,1.98,11340.684,2.7937419,7.3,3055000.0,0.240997,14865.701,5.4,0.842088603175631,8395.0,15792.773,1400.38,0.0015,1424.0,215.208,1.40051629,2.4627692895931,7693.9,3.83910029665101,1.0
8691.3095,2.47,11340.684,2.9376962,5.1,3110000.0,0.324345,14865.701,5.6,1.0076996934894,8575.0,15792.773,1280.0,0.0013,1456.6,217.463,1.48755401,4.05370089545272,7697.8,3.83910029665101,1.0
8694.8416,2.09,10803.675,3.0142542,4.0,3261000.0,0.308092,14898.999,5.8,0.525101112812213,8937.0,15709.562,1267.38,-0.0131,1452.6,219.016,1.44558109,3.98912873927892,7705.9,3.83910029665101,1.0
8699.0076,1.94,10803.675,3.0845059,3.5,3464000.0,0.260722,14898.999,6.1,-0.399156225564174,9438.0,15709.562,1282.83,-0.0137,1416.1,218.69,1.35649733,2.94013128490127,7709.7,3.83910029665101,1.0
8831.4737,2.03,10803.675,3.0766785,4.3,3623000.0,0.276352,14898.999,6.1,-0.138301854066455,9494.0,15709.562,1166.36,0.0542,1536.2,218.877,1.23957472,3.17438970761372,7860.8,3.83910029665101,1.0
9239.2959,0.22,10347.53,2.9291949,5.2,3823000.0,0.179384,14608.208,6.5,-1.01013332845789,10074.0,15366.607,968.75,0.0154,1514.2,216.995,1.48506331,2.20171024216991,7892.9,3.83910029665101,1.0
9076.1222,0.52,10347.53,2.7864624,6.3,4447000.0,0.172212,14608.208,6.8,-1.91528953285958,10538.0,15366.607,896.24,0.0096,1533.6,213.153,1.63162854,1.93625366578525,8003.8,3.83910029665101,1.0
8996.8214,0.14,10347.53,2.6304305,6.2,4679000.0,0.111329,14608.208,7.3,-1.03424738142875,11286.0,15366.607,903.25,0.014199999999999999,1719.4,211.398,0.97537985,0.3634841508005421,8264.1,3.83910029665101,1.0
9059.4613,0.23,9826.509,2.5522481,6.2,5010000.0,0.207605,14430.901,7.8,0.435241737542101,12058.0,15187.475,825.88,-0.022799999999999997,1565.7,211.933,0.93854104,2.40364062502632,8233.6,-0.35554626629975,1.0
9053.7951,0.22,9826.509,2.5594949,5.6,5445000.0,0.164584,14430.901,8.3,0.497293303590475,12898.0,15187.475,735.09,-0.0236,1558.4,212.705,1.03930649,2.14357605719473,8292.4,-0.35554626629975,1.0
9011.7083,0.16,9826.509,2.4535819,5.9,5935000.0,0.167937,14430.901,8.7,0.24317484554154,13426.0,15187.475,797.87,0.0131,1652.5,212.495,1.25074177,1.90828983085518,8409.5,-0.35554626629975,1.0
9055.8708,0.2,9415.945,2.3761457,6.6,6300000.0,0.145632,14381.236,9.0,0.249636827778799,13853.0,15161.772,872.81,-0.001,1641.1,212.709,0.71281967,1.86117019943739,8361.1,-0.35554626629975,1.0
9042.9507,0.19,9415.945,2.2888288,7.9,6635000.0,0.132696,14381.236,9.4,0.288876383417745,14499.0,15161.772,919.14,0.013600000000000001,1648.9,213.022,1.0174109,1.29376893720741,8405.6,-0.35554626629975,1.0
9022.1467,0.22,9415.945,2.0898948,6.2,6618000.0,0.112182,14381.236,9.5,0.858989226395336,14707.0,15161.772,919.32,-0.0085,1725.4,214.79,1.32210554,0.75584590889346,8367.9,-0.35554626629975,1.0
8949.2028,0.18,9155.98,1.9228669,5.5,6157000.0,0.109363,14448.882,9.5,-0.158558692215323,14601.0,15216.647,987.48,0.0007000000000000001,1689.3,214.726,1.26690282,0.125832513392354,8366.4,-0.35554626629975,0.0
8899.6051,0.15,9155.98,1.7701932,4.5,5970000.0,0.106751,14448.882,9.6,0.224285004481049,14814.0,15216.647,1020.62,-0.008100000000000001,1690.7,215.445,1.15904037,1.6255061079099,8351.8,-0.35554626629975,0.0
8781.6104,0.07,9155.98,1.6158958,5.6,5912000.0,0.101667,14448.882,9.8,0.0625480693495817,15009.0,15216.647,1057.08,-0.0033,1694.8,215.861,0.94923764,0.914369783533586,8344.5,-0.35554626629975,0.0
8737.5558,0.11,8991.618,1.5209969,5.2,5649000.0,0.059037,14651.248,10.0,0.0963101185818578,15352.0,15379.155,1036.19,-0.0281,1703.9,216.509,0.99714116,1.1903654188135,8392.4,-0.35554626629975,0.0
8798.6014,0.13,8991.618,1.3714917,5.6,5323000.0,0.023928,14651.248,9.9,0.0707753368767079,15219.0,15379.155,1095.63,0.0038,1755.8,217.234,1.06141004,0.516016421313492,8506.8,-0.35554626629975,0.0
8766.9545,0.05,8991.618,1.3248615,5.6,4987000.0,0.04122,14651.248,9.9,-0.176119816946313,15098.0,15379.155,1115.1,-0.01,1806.8,217.347,0.84804056,0.460810409841406,8527.1,-0.35554626629975,0.0
8693.1593,0.12,9028.127,1.1770019,5.9,4796000.0,0.050921,14764.611,9.8,0.34174735701485,15046.0,15456.059,1073.87,-0.0098,1673.4,217.488,1.29792486,0.680110845940707,8411.2,1.64004344238989,0.0
8624.4737,0.13,9028.127,1.0548474,5.6,4755000.0,0.034576,14764.611,9.8,0.024920738207648,15113.0,15456.059,1104.49,0.0014000000000000002,1698.2,217.281,1.12451541,-0.1066278542679489,8508.5,1.64004344238989,0.0
9025.1732,0.09,9028.127,0.93183853,5.6,4668000.0,0.044418,14764.611,9.9,0.410628353657108,15202.0,15456.059,1169.43,-0.0033,1789.8,217.353,0.99873153,-0.286064246298046,8557.8,1.64004344238989,0.0
9012.4728,0.2,9002.06,0.87602978,6.2,4690000.0,0.079461,14980.193,9.9,0.173688491069743,15325.0,15605.628,1186.69,-0.0166,1740.8,217.403,1.3091053,0.4526162541784729,8526.0,1.64004344238989,0.0
8945.6559,0.19,9002.06,0.7998678,6.7,4553000.0,0.070798,14980.193,9.6,0.0775197354237721,14849.0,15605.628,1089.41,-0.0124,1762.5,217.29,1.22638786,0.27574788971958,8589.7,1.64004344238989,0.0
8934.2814,0.09,9002.06,0.78483473,6.5,4484000.0,0.100289,14980.193,9.4,-0.0976267084673888,14474.0,15605.628,1030.71,-0.0101,1804.9,217.199,1.01936098,1.2647526767523898,8556.2,1.64004344238989,0.0
8968.318,0.18,8933.253,0.74959322,6.4,4467000.0,0.071298,15141.605,9.4,0.0211043057371509,14512.0,15726.282,1101.6,0.0001,1753.1,217.605,0.84675907,0.632305068442718,8534.4,1.64004344238989,0.0
8983.8707,0.21,8933.253,0.69562861,6.5,4509000.0,0.070335,15141.605,9.5,0.138066427840807,14648.0,15726.282,1049.33,0.0004,1807.3,217.923,0.65616389,0.4302059340372199,8586.0,1.64004344238989,0.0
8974.8111,0.15,8933.253,0.6676136,6.5,4431000.0,0.087378,15141.605,9.5,0.0581736230715569,14579.0,15726.282,1141.2,-0.0031,1795.9,218.275,0.57706775,1.53627227687154,8603.5,1.64004344238989,0.0
9001.4052,0.2,8847.797,0.67526624,6.3,4328000.0,0.064274,15309.471,9.4,0.124519888847696,14516.0,15807.995,1183.26,-0.0004,1798.3,219.035,0.40880525,1.1260905710720202,8667.9,1.64004344238989,0.0
9017.3513,0.2,8847.797,0.82600201,6.1,4118000.0,0.145779,15309.471,9.8,0.0420646423819507,15081.0,15807.995,1180.55,-0.0060999999999999995,1909.8,219.59,0.33888956,1.31829898066591,8785.2,1.64004344238989,0.0
8960.9985,0.13,8847.797,0.83710132,6.5,4088000.0,0.053401,15309.471,9.3,0.171844078920309,14348.0,15807.995,1257.64,-0.0002,1969.3,220.472,0.62620927,1.393380280754,8874.8,1.64004344238989,0.0
8939.6827,0.17,8564.709,0.96003713,6.9,3887000.0,0.176882,15351.444,9.1,0.476323005397414,14013.0,15769.911,1286.12,0.0077,1922.0,221.187,0.86397716,2.27322625990496,8789.4,3.15684156862206,0.0
8910.6421,0.16,8564.709,1.1238816,7.2,3809000.0,0.195403,15351.444,9.0,0.493136502545162,13820.0,15769.911,1327.22,0.005600000000000001,1935.2,221.898,0.82968718,2.8169688979258902,8908.2,3.15684156862206,0.0
8914.2012,0.1,8564.709,1.1861014,6.6,3766000.0,0.12761,15351.444,9.0,0.975107203050938,13737.0,15769.911,1325.83,-0.0018,1977.3,223.046,0.87385088,1.74418998266395,8984.6,3.15684156862206,0.0
8931.9492,0.09,8501.237,1.21555,6.6,3834000.0,0.127704,15557.535,9.1,0.643942953545699,13957.0,15876.839,1363.61,0.0023,1959.4,224.093,0.97750283,2.24921919600376,9016.5,3.15684156862206,0.0
8921.9111,0.1,8501.237,1.2613949,6.5,3728000.0,0.120673,15557.535,9.0,0.470418752723364,13855.0,15876.839,1345.2,0.0106,2017.2,224.806,0.71147484,2.3058155396239,9017.1,3.15684156862206,0.0
8916.0775,0.07,8501.237,1.2990532,6.7,3719000.0,0.147422,15557.535,9.1,-0.107096705669922,13962.0,15876.839,1320.64,0.0101,2011.8,224.806,0.49226699,1.92672807632472,9117.1,3.15684156862206,0.0
8959.4494,0.11,8459.862,1.4236275,6.9,3676000.0,0.194142,15647.681,9.0,0.0886045666793554,13763.0,15870.684,1292.28,-0.006500000000000001,2012.5,225.395,0.57395235,2.5370313756665,9211.2,3.15684156862206,0.0
9000.7805,0.08,8459.862,1.6569751,6.9,3723000.0,0.287814,15647.681,9.0,0.27575889023645,13818.0,15870.684,1218.89,0.0049,2185.0,226.106,0.39497491,3.1779707716990093,9437.3,3.15684156862206,0.0
9007.9507,0.06,8459.862,1.7268145,6.5,3707000.0,0.141846,15647.681,9.0,0.151846211569461,13948.0,15870.684,1131.42,-0.025,2158.5,226.597,0.21493888,2.49197707942446,9448.5,3.15684156862206,0.0
9059.6265,0.09,8353.88,1.8413647,6.5,3677000.0,0.171634,15842.267,8.8,-0.206268263335836,13594.0,16048.702,1253.3,-0.024700000000000003,2220.1,226.75,0.09856249,2.02226514469577,9528.6,3.15684156862206,0.0
9099.6348,0.1,8353.88,1.8407168,6.6,3592000.0,0.156755,15842.267,8.6,-0.084356133044206,13302.0,16048.702,1246.96,0.0433,2253.1,227.169,0.13706953,1.84701379887522,9616.6,3.15684156862206,0.0
9116.4207,0.04,8353.88,2.0478499,7.5,3566000.0,0.24527,15842.267,8.5,-0.246651637713817,13093.0,16048.702,1257.6,-0.0043,2286.5,227.223,0.14446831,2.37433305779156,9714.2,3.15684156862206,0.0
9159.3627,0.11,8236.98,2.1159285,7.8,3454000.0,0.260476,16068.824,8.3,0.440019142826751,12797.0,16179.968,1312.41,-0.0005,2271.7,227.842,0.14610051,3.19808928450254,9677.5,2.06933726526059,0.0
9304.4699,0.1,8236.98,2.0181912,7.8,3392000.0,0.105634,16068.824,8.3,0.440297355127631,12813.0,16179.968,1365.68,-0.004699999999999999,2253.2,228.329,0.02185103,1.6845519133678302,9777.0,2.06933726526059,0.0
9305.3016,0.09,8236.98,2.1247577,8.2,3286000.0,0.210888,16068.824,8.2,0.759455862393086,12713.0,16179.968,1408.47,0.0037,2301.9,228.807,0.16923691,2.42029632056173,9866.8,2.06933726526059,0.0
9327.3893,0.16,8473.502,2.1937928,8.5,3296000.0,0.178194,16207.13,8.2,0.302102950408034,12646.0,16253.726,1397.91,-0.0039000000000000003,2343.4,229.187,0.19464573,2.2851338427891696,9837.0,2.06933726526059,0.0
9376.2948,0.16,8473.502,2.1896843,8.6,3351000.0,0.118883,16207.13,8.2,-0.117347936632105,12660.0,16253.726,1310.33,-0.0023,2314.6,228.713,-0.08722198,1.7320720722101297,9845.2,2.06933726526059,0.0
9396.1444,0.09,8473.502,2.2407468,8.6,3304000.0,0.194906,16207.13,8.2,-0.146639688445049,12692.0,16253.726,1362.16,0.024900000000000002,2309.7,228.524,-0.04815105,1.92206327761144,9890.0,2.06933726526059,0.0
9434.0931,0.13,8758.017,2.2616531,7.8,3312000.0,0.213643,16319.54,8.2,-0.162978586182561,12656.0,16282.151,1379.32,-0.0043,2407.4,228.59,-0.05482603,2.08371119432122,9973.9,2.06933726526059,0.0
9475.8633,0.13,8758.017,2.1718632,7.6,3321000.0,0.195061,16319.54,8.1,0.556515818143709,12471.0,16282.151,1406.58,0.0051,2392.8,229.918,-0.06008478,2.4238660191344503,10033.3,2.06933726526059,0.0
9498.7266,0.09,8758.017,2.2199385,8.1,3309000.0,0.185475,16319.54,7.8,0.446221226761131,12115.0,16282.151,1440.67,-0.0045000000000000005,2358.8,231.015,-0.16925714,2.2866037427289303,10095.5,2.06933726526059,0.0
9536.0319,0.18,9004.598,2.2070705,8.7,3223000.0,0.150018,16420.386,7.8,-0.0388925140553232,12124.0,16300.035,1412.16,0.0002,2523.7,231.638,-0.09317224,1.87504766315374,10220.2,2.06933726526059,0.0
9570.4996,0.16,9004.598,2.1959869,9.5,3248000.0,0.138852,16420.386,7.7,-0.473808669488188,12005.0,16300.035,1416.18,0.0002,2464.6,231.249,-0.00573705,2.0721553787935503,10311.4,2.06933726526059,0.0
9647.5936,0.09,9004.598,2.1097305,11.6,3127000.0,0.167511,16420.386,7.9,-0.269306449020735,12298.0,16300.035,1426.19,0.0169,2672.0,231.221,-0.17237745,1.79065016566902,10615.7,2.06933726526059,0.0
9671.6466,0.15,9470.063,2.0682971,5.9,3138000.0,0.197593,16629.05,8.0,0.295730419292604,12471.0,16441.485,1498.11,-0.0026,2534.4,231.679,0.08440142,2.74180750368704,10398.2,1.46483265562714,0.0
9662.1442,0.14,9470.063,2.146017,5.6,3043000.0,0.172286,16629.05,7.7,0.819002952926876,11950.0,16441.485,1514.68,-0.0009,2493.6,232.937,0.17210018,2.45154222786008,10448.6,1.46483265562714,0.0
9665.1083,0.09,9470.063,2.0999025,5.9,3080000.0,0.173838,16629.05,7.5,0.261450858437495,11689.0,16441.485,1569.19,0.0040999999999999995,2547.7,232.282,0.05034072,1.21535791179703,10581.9,1.46483265562714,0.0
9725.7162,0.14,9987.718,1.9354319,6.2,3039000.0,0.040427,16699.551,7.6,-0.103963947708716,11760.0,16464.402,1597.57,0.0025,2651.0,231.797,-0.02421188,2.088884185994,10531.7,1.46483265562714,0.0
9720.6444,0.09,9987.718,1.907797,6.4,3012000.0,0.085881,16699.551,7.5,0.178040777358723,11654.0,16464.402,1630.74,-0.0143,2590.2,231.893,-0.01939123,1.9563823322529,10539.1,1.46483265562714,0.0
9726.7864,0.07,9987.718,1.8766189,6.5,3003000.0,0.157243,16699.551,7.5,0.23997080855995,11751.0,16464.402,1606.28,-0.0043,2537.4,232.445,0.22769375,2.13725043962469,10560.2,1.46483265562714,0.0
9735.8434,0.09,10491.607,1.867879,6.3,3010000.0,0.206766,16911.068,7.3,0.0393997533233011,11335.0,16594.743,1685.73,-0.0001,2650.4,232.9,0.54638104,2.00320004740069,10647.7,1.46483265562714,0.0
9713.757,0.07,10491.607,1.9142202,6.4,2839000.0,0.229216,16911.068,7.2,0.12029315570472,11279.0,16594.743,1632.97,-0.0032,2599.4,233.456,0.47506869,2.1480298989162,10697.4,1.46483265562714,0.0
9723.0059,0.06,10491.607,1.8904211,6.5,2944000.0,0.151365,16911.068,7.2,0.116300448526347,11270.0,16594.743,1681.55,-0.006,2689.2,233.544,0.54083451,2.23216017314456,10827.1,1.46483265562714,0.0
9768.3823,0.07,10862.115,1.8687356,6.0,2927000.0,0.136522,17133.114,7.2,-0.257528325980464,11136.0,16712.76,1756.54,-0.0038,2706.5,233.669,0.49296942,1.16372929089217,10896.8,1.46483265562714,0.0
9815.0445,0.07,10862.115,1.8930866,5.8,2808000.0,0.170655,17133.114,6.9,-0.204242419052338,10787.0,16712.76,1805.81,-0.0008,2655.7,234.1,0.48963774,2.60550640737742,10941.3,1.46483265562714,0.0
9844.4333,0.07,10862.115,1.8711904,6.0,2807000.0,0.147512,17133.114,6.7,-0.008581149788259,10404.0,16712.76,1848.36,0.004,2874.6,234.719,0.41829993,2.8446440822717203,11128.3,1.46483265562714,0.0
9875.2728,0.07,11207.454,1.8218145,6.7,2850000.0,0.144791,17144.281,6.6,0.372024767323605,10202.0,16654.247,1782.59,-0.006500000000000001,2757.3,235.288,0.68063671,2.40632650352188,11033.2,1.62222297740821,0.0
9962.4231,0.06,11207.454,1.7891863,6.6,2823000.0,0.151183,17144.281,6.7,0.369790865096873,10349.0,16654.247,1859.45,0.0028000000000000004,2723.9,235.547,0.50867731,2.3508313464702497,11135.6,1.62222297740821,0.0
10028.9141,0.06,11207.454,1.8208567,6.7,2729000.0,0.208825,17144.281,6.7,0.644004412622824,10380.0,16654.247,1872.34,0.0079,2925.3,236.028,0.58045318,2.8589766754357098,11304.2,1.62222297740821,0.0
10080.269,0.09,11634.519,2.0251612,6.9,2707000.0,0.214498,17462.703,6.2,0.329675445315773,9702.0,16868.109,1883.95,0.003,2908.8,236.468,0.7022221,2.21493222879676,11220.6,1.62222297740821,0.0
10139.8581,0.08,11634.519,2.1282345,7.1,2641000.0,0.179555,17462.703,6.3,0.34926098400487,9859.0,16868.109,1923.57,0.0018,2840.8,236.918,0.62685415,2.54562660708071,11240.7,1.62222297740821,0.0
10186.4921,0.09,11634.519,2.1433409,7.1,2579000.0,0.172482,17462.703,6.1,0.186212694409411,9460.0,16868.109,1960.23,-0.0004,2963.5,237.231,0.62452944,1.31136444111866,11332.9,1.62222297740821,0.0
10268.2773,0.08,12017.4,2.1008094,7.2,2524000.0,0.177018,17743.227,6.2,-0.0390193964161093,9608.0,17064.616,1930.67,-0.02,2933.0,237.498,0.59099495,2.4049038383757497,11353.4,1.62222297740821,0.0
10310.5383,0.07,12017.4,1.9625042,7.0,2486000.0,0.118563,17743.227,6.1,-0.167051416579219,9599.0,17064.616,2003.37,0.0033,2817.6,237.46,0.6494057,1.75173691535098,11373.5,1.62222297740821,0.0
10372.4913,0.07,12017.4,1.954047,7.2,2427000.0,0.161809,17743.227,5.9,0.0752568824311014,9262.0,17064.616,1972.29,-0.0028000000000000004,2979.3,237.477,0.58085993,1.93541098458714,11441.2,1.62222297740821,0.0
10383.7688,0.07,12273.823,2.0060187,7.1,2406000.0,0.187618,17852.54,5.7,-0.251227781255389,8990.0,17141.235,2018.05,0.011699999999999999,2953.2,237.43,0.7009647,2.4289565511268,11516.3,1.62222297740821,0.0
10474.9518,0.08,12273.823,2.0043657,7.3,2484000.0,0.18512,17852.54,5.8,-0.539941794106119,9090.0,17141.235,2067.56,-0.0025,2871.1,236.983,0.71330026,2.25631054100233,11571.1,1.62222297740821,0.0
10582.2732,0.06,12273.823,1.9711259,7.7,2422000.0,0.121445,17852.54,5.6,-0.567010091001089,8717.0,17141.235,2058.9,-0.0103,3172.3,236.252,0.38472537,2.3833942455642,11789.7,1.62222297740821,0.0
10631.6245,0.06,12644.952,1.985653,8.0,2297000.0,0.161996,17991.348,5.7,-0.470589237347324,8885.0,17280.647,1994.99,-0.013000000000000001,2978.3,234.747,0.7099428,1.94752959883826,11677.4,0.118627135552435,0.0
10745.6705,0.06,12644.952,1.9819969,8.1,2357000.0,0.149914,17991.348,5.5,0.434304492377206,8599.0,17280.647,2104.5,-0.003,3005.0,235.342,0.53838038,1.95449451571832,11840.5,0.118627135552435,0.0
10808.6409,0.06,12644.952,1.9991371,7.7,2278000.0,0.213702,17991.348,5.4,0.595172161109732,8515.0,17280.647,2067.89,-0.0088,3169.7,235.976,0.75170542,2.43333592636743,11960.9,0.118627135552435,0.0
10882.9474,0.08,13035.058,2.0631236,7.6,2254000.0,0.26801,18193.707,5.4,0.203287325458769,8550.0,17380.875,2085.51,-0.0101,3108.6,236.222,0.41032252,2.96265053867684,11852.8,0.118627135552435,0.0
10949.3394,0.08,13035.058,2.0668869,7.5,2294000.0,0.190219,18193.707,5.6,0.509723202549469,8834.0,17380.875,2107.39,-0.0063,3031.1,237.001,0.53392144,2.5012910991095,11873.4,0.118627135552435,0.0
10996.5518,0.08,13035.058,2.1147326,7.4,2312000.0,0.212142,18193.707,5.3,0.350286999852812,8247.0,17380.875,2063.11,0.0027,3188.8,237.657,0.5537778,2.97239956431092,11947.4,0.118627135552435,0.0
11016.2372,0.08,13425.977,2.1414477,7.3,2253000.0,0.180329,18306.96,5.2,0.0067047159295661,8167.0,17437.08,2103.84,-0.0023,3114.7,238.034,0.6670749,1.9220253006031696,11949.6,0.118627135552435,0.0
11088.3108,0.08,13425.977,2.1802398,7.3,2258000.0,0.143642,18306.96,5.1,-0.141627628281935,7992.0,17437.08,1972.18,-0.0084,3144.0,238.033,0.54830556,1.63579063211565,12076.4,0.118627135552435,0.0
11147.7386,0.07,13425.977,2.279431,7.4,2240000.0,0.267515,18306.96,5.0,-0.155675657530359,7907.0,17437.08,1920.03,0.0191,3146.2,237.498,0.51245991,2.99841569275872,12074.0,0.118627135552435,0.0
11184.689,0.07,13704.44,2.3462109,7.5,2205000.0,0.252081,18332.079,5.0,-0.0449683750446447,7922.0,17462.579,2079.36,-0.0048,3085.4,237.733,0.52877171,2.28316449144805,12132.9,0.118627135552435,0.0
11277.9407,0.08,13704.44,2.4052606,7.3,2259000.0,0.213377,18332.079,5.1,-0.211068037908146,8000.0,17462.579,2080.41,-0.0046,3193.6,238.017,0.6662057,2.2654806001265,12304.6,0.118627135552435,0.0
11354.8911,0.2,13704.44,2.4436874,7.4,2207000.0,0.14735,18332.079,5.0,-0.341709643711866,7907.0,17462.579,2043.94,-0.009399999999999999,3312.0,237.761,0.64742223,1.83471969623819,12453.0,0.118627135552435,0.0
11417.3738,0.29,14007.78,2.4667222,7.7,2210000.0,0.204903,18425.306,4.8,0.165310220906868,7627.0,17565.465,1940.24,0.0248,3103.2,237.652,0.73450597,2.70841659132004,12412.0,1.26158320570537,0.0
11475.2266,0.29,14007.78,2.5442092,7.2,2180000.0,0.210409,18425.306,4.9,0.0823076533454985,7702.0,17565.465,1932.23,-0.008100000000000001,3248.4,237.336,0.538738,2.53771440127248,12549.1,1.26158320570537,0.0
11566.5011,0.25,14007.78,2.531878,7.6,2165000.0,0.205658,18425.306,5.0,0.430600014339268,7961.0,17565.465,2059.74,-0.002,3356.8,238.08,0.55140742,2.22200455864592,12723.6,1.26158320570537,0.0
11655.8062,0.3,14470.942,2.537996,7.2,2183000.0,0.275271,18611.617,5.1,0.4741067979104,8067.0,17618.581,2065.3,-0.0051,3306.9,238.992,0.34527268,3.8254778833095098,12683.1,1.26158320570537,0.0
11722.3355,0.29,14470.942,2.5711572,6.9,2131000.0,0.215751,18611.617,4.8,0.404579099811517,7652.0,17618.581,2096.96,-0.001,3345.8,239.557,0.41364983,3.2805191880404,12676.4,1.26158320570537,0.0
11818.6822,0.3,14470.942,2.5689022,6.6,2139000.0,0.210509,18611.617,4.9,0.328436616728188,7744.0,17618.581,2098.86,0.013600000000000001,3354.4,240.222,0.51909852,2.10339046055212,12727.5,1.26158320570537,0.0
11872.8796,0.3,14898.029,2.5758512,6.8,2143000.0,0.200077,18775.459,4.8,-0.161813640474981,7641.0,17724.489,2173.6,0.0016,3291.5,240.101,0.16534694,2.49016471097936,12793.1,1.26158320570537,0.0
11944.1909,0.3,14898.029,2.7228064,6.8,2138000.0,0.273048,18775.459,4.9,0.0918430107884498,7784.0,17724.489,2170.95,-0.0024,3465.2,240.545,0.22683746,2.7425708907920803,12916.5,1.26158320570537,0.0
12007.1747,0.29,14898.029,2.6321032,6.8,2081000.0,0.160794,18775.459,5.0,0.240399586462898,7953.0,17724.489,2168.27,0.008,3381.6,241.176,0.2160743,2.49832933493122,12932.8,1.26158320570537,0.0
12072.3706,0.31,15261.431,2.5095184,6.9,2067000.0,0.135409,18968.041,4.9,0.124674851301432,7811.0,17812.56,2126.15,-0.0001,3482.8,241.741,0.28979681,2.01802556175075,13076.0,1.26158320570537,0.0
12083.1764,0.31,15261.431,2.5258013,7.0,2038000.0,0.221278,18968.041,4.7,-0.155546086733514,7553.0,17812.56,2198.81,-0.0027,3463.6,242.026,0.34660933,2.45883151623452,13184.9,1.26158320570537,0.0
12065.4744,0.55,15261.431,2.594944,6.5,2028000.0,0.21493,18968.041,4.7,0.0327321392317517,7521.0,17812.56,2238.83,-0.0046,3519.3,242.637,0.70045658,2.03838510774881,13296.0,1.26158320570537,0.0
12112.3729,0.56,15637.82,2.661562,6.9,2078000.0,0.26537,19148.194,4.7,0.582772789025459,7468.0,17889.094,2278.87,-0.0009,3517.9,243.618,0.72565107,3.43630577482943,13180.5,2.13011000365963,0.0
12161.7432,0.57,15637.82,2.67446,7.2,2065000.0,0.22283,19148.194,4.6,0.314611738641666,7379.0,17889.094,2363.64,-0.0026,3495.8,244.006,0.77438158,3.2923463387532204,13322.6,2.13011000365963,0.0
12149.293,0.82,15637.82,2.453344,7.2,2027000.0,0.00814,19148.194,4.4,0.0812797871947232,7073.0,17889.094,2362.72,-0.0023,3594.6,243.892,0.91650302,1.91438367511723,13470.1,2.13011000365963,0.0
12195.4353,0.83,16072.763,2.25217,7.3,1896000.0,0.09682,19304.506,4.4,0.296553336532688,7089.0,17979.218,2384.2,-0.0019,3518.4,244.193,0.76575378,1.55365836257901,13468.6,2.13011000365963,0.0
12258.3917,0.83,16072.763,2.155911,7.8,1891000.0,0.1232,19304.506,4.4,0.0854721826896363,7000.0,17979.218,2411.8,-0.0005,3667.7,244.004,0.7764088,2.1132188709843502,13453.2,2.13011000365963,0.0
12249.9239,1.06,16072.763,2.13853,7.5,1929000.0,0.18347,19304.506,4.3,0.0907111014861139,6873.0,17979.218,2423.41,0.0015,3649.9,244.163,0.73611135,1.8968337862046696,13449.4,2.13011000365963,0.0
12303.9327,1.07,16493.642,2.146769,7.6,1926000.0,0.20588,19561.896,4.3,-0.0689922638852295,6892.0,18127.994,2470.3,-0.0007000000000000001,3726.0,244.243,0.72501612,2.1220936834140702,13580.1,2.13011000365963,0.0
12334.3872,1.07,16493.642,2.089832,7.6,1912000.0,0.23121,19561.896,4.4,0.299445229710857,7082.0,18127.994,2471.65,0.005699999999999999,3729.4,245.183,0.67086016,2.2747579876520403,13625.6,2.13011000365963,0.0
12399.5921,1.06,16493.642,2.106697,7.3,1871000.0,0.18804,19561.896,4.3,0.529490589323034,6854.0,18127.994,2519.36,0.0037,3599.2,246.435,0.56521264,2.8702567714483,13613.7,2.13011000365963,0.0
12445.8912,1.07,16835.728,2.192819,7.4,1927000.0,0.20977,19894.75,4.2,-0.0632042103727646,6700.0,18310.3,2575.26,0.0009,3765.2,246.626,0.72914351,2.4249630240346502,13711.2,2.13011000365963,0.0
12513.0106,1.07,16835.728,2.115031,6.9,1997000.0,0.16286,19894.75,4.2,0.0024324685907436,6774.0,18310.3,2647.58,0.008199999999999999,3732.3,247.284,0.75219045,2.42039295861358,13803.6,2.13011000365963,0.0
12554.3779,1.33,16835.728,2.125472,6.3,1933000.0,0.23023,19894.75,4.1,-0.05878322772623,6632.0,18310.3,2673.61,-0.0052,3746.1,247.805,0.57304923,2.95574718908234,13934.4,2.13011000365963,0.0
12558.6226,1.34,17429.551,2.166305,7.1,1985000.0,0.29742,20155.486,4.0,0.544774545277541,6489.0,18437.127,2823.81,0.0005,3754.9,248.859,0.87378801,4.17000041826154,13745.1,2.44258329692818,0.0
12579.4831,1.35,17429.551,2.131896,7.2,1957000.0,0.19835,20155.486,4.1,0.45346899748655,6581.0,18437.127,2713.83,-0.0111,3676.0,249.529,1.08846929,2.01327934554867,13841.0,2.44258329692818,0.0
12564.0595,1.67,17429.551,2.369197,7.2,1943000.0,0.21385,20155.486,4.0,0.226112590414904,6472.0,18437.127,2640.87,0.0138,3775.9,249.577,1.02953583,1.9619000737253895,13994.3,2.44258329692818,0.0
12640.6634,1.69,17725.031,2.493423,7.2,1834000.0,0.2085,20470.197,4.0,0.397509156334893,6459.0,18565.697,2648.05,-0.008199999999999999,3832.1,250.227,1.01435433,2.93200914809488,13915.7,2.44258329692818,0.0
12696.0743,1.7,17725.031,2.544991,7.2,1737000.0,0.18207,20470.197,3.8,0.4158916925435,6196.0,18565.697,2705.27,-0.0069,3789.2,250.792,1.2160918,2.9818325508401204,13958.9,2.44258329692818,0.0
12774.5415,1.91,17725.031,2.553219,7.4,1672000.0,0.20634,20470.197,4.0,0.159387570154372,6447.0,18565.697,2718.37,0.0008,3716.8,251.018,1.24572814,2.6321178885371204,13987.3,2.44258329692818,0.0
12798.6268,1.91,17983.367,2.519634,7.5,1657000.0,0.16956,20687.278,3.8,0.0067463262285171,6195.0,18699.748,2816.29,0.0049,3845.5,251.214,1.15523371,2.11149391449985,14069.7,2.44258329692818,0.0
12810.6032,1.91,17983.367,2.432878,7.6,1602000.0,0.14201,20687.278,3.8,0.0555542328357295,6156.0,18699.748,2901.52,0.0001,3804.8,251.663,1.25524162,2.2967112867851003,14130.4,2.44258329692818,0.0
12848.6123,2.18,17983.367,2.461933,7.7,1553000.0,0.21088,20687.278,3.7,0.116202517589025,6073.0,18699.748,2913.98,0.0,3682.9,252.182,1.1321469,2.3337233555462205,14113.1,2.44258329692818,0.0
12902.7294,2.2,18206.57,2.414988,7.6,1615000.0,0.16682,20819.269,3.8,0.176676345572587,6211.0,18733.741,2711.74,0.0109,3890.6,252.772,1.30012681,2.60626268747923,14152.2,2.44258329692818,0.0
12957.4881,2.2,18206.57,2.476794,7.5,1684000.0,0.22662,20819.269,3.8,-0.334934851810097,6115.0,18733.741,2760.17,0.008199999999999999,3765.0,252.594,1.30865835,3.7237636017007705,14221.3,2.44258329692818,0.0
13101.27,2.4,18206.57,2.46437,9.4,1783000.0,0.23359,20819.269,3.9,-0.319396281513109,6389.0,18733.741,2506.85,0.0085,3997.8,252.767,1.25496666,2.9117770150544304,14529.5,2.44258329692818,0.0
13156.455,2.4,18680.712,2.385533,9.3,1826000.0,0.22655,21013.085,4.0,0.190659666524684,6439.0,18835.411,2704.1,0.0086,3864.2,252.718,1.04043434,3.23099390584713,14324.5,1.81221007526015,0.0
13228.9995,2.4,18680.712,2.376648,9.5,1878000.0,0.19951,21013.085,3.8,0.422705314009692,6115.0,18835.411,2784.49,-0.0028000000000000004,3760.6,253.322,1.06818285,3.02451212422616,14373.7,1.81221007526015,0.0
13248.9453,2.43,18680.712,2.399684,9.1,1823000.0,0.237,21013.085,3.8,0.564135835680577,6182.0,18835.411,2834.4,0.0067,3813.5,254.202,0.51720765,3.2071444963092297,14532.7,1.81221007526015,0.0
13343.3967,2.45,18956.777,2.407927,8.9,1745000.0,0.21776,21272.448,3.6,0.529500161289074,5911.0,18962.175,2945.83,0.001,3986.0,255.211,0.42030375,2.2774968873232595,14475.5,1.81221007526015,0.0
13395.0721,2.4,18956.777,2.39723,8.6,1681000.0,0.16782,21272.448,3.7,0.212875858938411,5941.0,18962.175,2752.06,-0.0132,3918.4,255.29,0.5404288,2.5585351456762795,14565.3,1.81221007526015,0.0
13488.0684,2.4,18956.777,2.421751,8.5,1634000.0,0.23751,21272.448,3.6,0.0199147181481604,5909.0,18962.175,2941.76,0.0058,3852.4,255.159,0.42130162,3.80734521449875,14659.0,1.81221007526015,0.0
13532.598,2.4,19146.008,2.460848,8.4,1573000.0,0.21664,21531.839,3.7,0.167094162245338,6008.0,19130.932,2980.38,-0.0109,4034.5,255.685,0.44057188,2.4690479946519703,14789.1,1.81221007526015,0.0
13621.6242,2.13,19146.008,2.629246,8.7,1508000.0,0.29399,21531.839,3.7,-0.0050668236082818,5981.0,19130.932,2926.46,0.0006,3919.8,256.059,0.42005179,2.4628290795772902,14831.4,1.81221007526015,0.0
13734.0047,1.9,19146.008,2.606767,8.9,1537000.0,0.18711,21531.839,3.5,0.0783448576930001,5775.0,19130.932,2976.74,0.005,4063.8,256.511,0.23500552,3.1506552025939,15012.9,1.81221007526015,0.0
13757.5556,1.58,19416.667,2.733341,8.9,1646000.0,0.28237,21706.532,3.6,0.228619055223,5957.0,19215.691,3037.56,-0.003,4078.5,257.244,0.36832453,2.5257194144136,15077.4,1.81221007526015,0.0
13831.5652,1.56,19416.667,2.768217,8.9,1748000.0,0.24022,21706.532,3.6,-0.0536243034669465,5911.0,19215.691,3140.98,-0.004,4003.1,257.803,0.43361185,3.45027019634134,15231.3,1.81221007526015,0.0
13841.9726,1.55,19416.667,2.746361,8.3,1899000.0,0.20579,21706.532,3.6,-0.0909769525053793,5870.0,19215.691,3230.78,0.0029,4247.0,258.616,0.51426493,2.61233046409994,15452.4,1.81221007526015,0.0
13883.8858,1.59,19994.463,2.797067,9.1,1897000.0,0.27753,21538.032,3.5,0.387976993781487,5804.0,18989.877,3225.52,-0.0177,4060.2,259.037,0.50509631,3.20697563356733,15294.0,1.23358439630637,0.0
13966.2483,1.58,19994.463,2.812936,9.3,1886000.0,0.20368,21538.032,3.5,0.274061813149543,5708.0,18989.877,2954.22,-0.008199999999999999,3948.7,259.248,0.31598579,2.70863053554713,15328.1,1.23358439630637,0.0
14622.3506,0.08,19994.463,2.647379,13.8,8004000.0,0.09566,21538.032,4.4,-0.217645103178479,7184.0,18989.877,2584.59,-0.016,4772.3,258.124,-0.12783745,2.96654438067967,16614.3,1.23358439630637,1.0
14852.583,0.05,20608.143,2.226352,33.8,21750000.0,-0.16208,19636.731,14.7,-0.668694186699718,23050.0,17378.712,2912.43,-0.0092,5108.9,256.092,-0.11159442,1.96837350231596,17318.7,1.23358439630637,1.0
14826.7346,0.05,20608.143,2.084208,24.9,19216000.0,0.06047,19636.731,13.2,0.0019501616684046,20939.0,17378.712,3044.31,0.0048,16179.4,255.868,-0.02785652,2.89504426558853,17780.1,1.23358439630637,0.0
14840.3934,0.08,20608.143,2.058146,20.1,16610000.0,0.22956,19636.731,11.0,0.547204692777511,17624.0,17378.712,3100.29,0.0154,16610.0,256.986,-0.15369936,1.68037017264615,18155.5,1.23358439630637,0.0
14897.7924,0.1,21175.542,2.348857,19.2,15929000.0,0.48765,21362.428,10.2,0.505824350167009,16324.0,18743.72,3271.12,0.0077,16620.0,258.278,-0.3453445,3.61082947310352,18108.3,1.23358439630637,0.0
14920.2229,0.09,21175.542,2.288978,15.5,13501000.0,0.24904,21362.428,8.4,0.315321052408127,13521.0,18743.72,3500.31,-0.0022,16944.9,259.411,-0.407134,2.23572327671315,18376.9,1.23358439630637,0.0
14944.5599,0.09,21175.542,2.077391,14.6,10481000.0,0.02761,21362.428,7.9,0.13927469432666,12599.0,18743.72,3363.0,0.0083,17098.6,260.029,-0.34333693,1.1339330439988702,18488.3,1.23358439630637,0.0
14953.9365,0.09,21985.897,1.842159,14.0,6705000.0,0.08769,21704.706,6.9,0.0414937759336148,11090.0,18924.262,3269.96,-0.0121,17279.3,260.286,-0.29173845,1.83845624148977,18640.9,1.23358439630637,0.0
15007.3724,0.09,21985.897,1.798587,13.3,5784000.0,0.2072,21704.706,6.7,-0.0610627217844138,10760.0,18924.262,3621.63,-0.0046,17729.5,260.813,-0.21395564,1.21891052470624,19049.9,1.23358439630637,0.0
15056.9571,0.09,21985.897,1.716599,13.8,5181000.0,0.1382,21704.706,6.7,0.0941478467042597,10795.0,18924.262,3756.07,0.0064,17999.4,262.035,-0.23232146,1.6244821427238203,19292.3,1.23358439630637,0.0
